task_index	label	input_path	input_sha256	expected_atoms
0	pristine	/scratch/yuhansun/phono3py-runs/20260914-rb-fire-full-firstpass/Rb2Cu2SnS4/production/task-00000-pristine/scf.in	63d718e358ac8ac1bd687e0d631815eaf1101eaeab3d350cae56587716ece3da	72
1	disp00001	/scratch/yuhansun/phono3py-runs/20260914-rb-fire-full-firstpass/Rb2Cu2SnS4/production/task-00001-disp00001/scf.in	fc2f5bfb431d947d6723d7d0e279e9c695b9add86a596beba457f6082b3150c6	72
2	disp00002	/scratch/yuhansun/phono3py-runs/20260914-rb-fire-full-firstpass/Rb2Cu2SnS4/production/task-00002-disp00002/scf.in	3d2fcbca9c9f32e6be107e1280ebe24be41b8f0949315888b5b495e913e1dcd7	72
3	disp00003	/scratch/yuhansun/phono3py-runs/20260914-rb-fire-full-firstpass/Rb2Cu2SnS4/production/task-00003-disp00003/scf.in	35ca7e2ddeec0f6caa71af87cfa428cf4a46516b27a3f0d8e64e1b9e377b4509	72
4	disp00004	/scratch/yuhansun/phono3py-runs/20260914-rb-fire-full-firstpass/Rb2Cu2SnS4/production/task-00004-disp00004/scf.in	0ad96a4319112609c8eecfea5e3deaf4025c019c6774f83e64e64d4bfcb6d0da	72
5	disp00005	/scratch/yuhansun/phono3py-runs/20260914-rb-fire-full-firstpass/Rb2Cu2SnS4/production/task-00005-disp00005/scf.in	61c90c950da1787c5aaee20bd33a9e91c671f2faaa892d867b6326530b7da55d	72
6	disp00006	/scratch/yuhansun/phono3py-runs/20260914-rb-fire-full-firstpass/Rb2Cu2SnS4/production/task-00006-disp00006/scf.in	e7b33af5d047a9fe3b1968745fdb8621c58f64d4100f87e2b4b1d3380cc156e2	72
7	disp00007	/scratch/yuhansun/phono3py-runs/20260914-rb-fire-full-firstpass/Rb2Cu2SnS4/production/task-00007-disp00007/scf.in	d654adbf1525b7bde682767a3ed83fd0e27dcf8b4e83a67d3df81588610aaff9	72
8	disp00008	/scratch/yuhansun/phono3py-runs/20260914-rb-fire-full-firstpass/Rb2Cu2SnS4/production/task-00008-disp00008/scf.in	2b55e8f6a9ff1eed1c4ef735f0f63ef9a76130a2d684481d45998a6f7dd9982b	72
9	disp00009	/scratch/yuhansun/phono3py-runs/20260914-rb-fire-full-firstpass/Rb2Cu2SnS4/production/task-00009-disp00009/scf.in	0e8650e7bc609295713417dfbc234d43e38c411eae4595d81a7daf36b1544157	72
10	disp00010	/scratch/yuhansun/phono3py-runs/20260914-rb-fire-full-firstpass/Rb2Cu2SnS4/production/task-00010-disp00010/scf.in	bebc5d31cc6cf499477a128d9ce95dec2a98570c1497ed4a3e4de93f62459fe4	72
11	disp00011	/scratch/yuhansun/phono3py-runs/20260914-rb-fire-full-firstpass/Rb2Cu2SnS4/production/task-00011-disp00011/scf.in	2e1f9f50f95a9cc796b579eaf34e76cb575c45c091a0ada42dd5f3c812f1e2d9	72
12	disp00012	/scratch/yuhansun/phono3py-runs/20260914-rb-fire-full-firstpass/Rb2Cu2SnS4/production/task-00012-disp00012/scf.in	224f85b63c543fce4041bffa3ecdeff60740d74b201207a795fe4e5c0551cd14	72
13	disp00013	/scratch/yuhansun/phono3py-runs/20260914-rb-fire-full-firstpass/Rb2Cu2SnS4/production/task-00013-disp00013/scf.in	a261b794119874172b8b8442f2864129fa645e0a3da780c90f8d558ebb23f5e7	72
14	disp00014	/scratch/yuhansun/phono3py-runs/20260914-rb-fire-full-firstpass/Rb2Cu2SnS4/production/task-00014-disp00014/scf.in	b6afff8cfbbda45a6e19db0d8b40ba359fe7ce4f994344590399816756a4e8c9	72
15	disp00015	/scratch/yuhansun/phono3py-runs/20260914-rb-fire-full-firstpass/Rb2Cu2SnS4/production/task-00015-disp00015/scf.in	16b055cb744307bb662fb26d31e2b15ecdc109dcaa295591d6dbdd083cb43dd4	72
16	disp00016	/scratch/yuhansun/phono3py-runs/20260914-rb-fire-full-firstpass/Rb2Cu2SnS4/production/task-00016-disp00016/scf.in	7c982c66de70db90d8d3094dcde0f9d0bfab6094083391922d115f5c1b8e720d	72
17	disp00017	/scratch/yuhansun/phono3py-runs/20260914-rb-fire-full-firstpass/Rb2Cu2SnS4/production/task-00017-disp00017/scf.in	418502c4a4ccefa18731d11160a23807405ade6e997f795127cb4845fc2b34a4	72
18	disp00018	/scratch/yuhansun/phono3py-runs/20260914-rb-fire-full-firstpass/Rb2Cu2SnS4/production/task-00018-disp00018/scf.in	eafbcd1a4b2e988be9f218dff029b504a8c5b9cb46893a1dc3b71f493c0279fb	72
19	disp00019	/scratch/yuhansun/phono3py-runs/20260914-rb-fire-full-firstpass/Rb2Cu2SnS4/production/task-00019-disp00019/scf.in	285734f922b4a16b0af5aa4e1d299c458c40fef5312f853ffd5cbf63bcc834f7	72
20	disp00020	/scratch/yuhansun/phono3py-runs/20260914-rb-fire-full-firstpass/Rb2Cu2SnS4/production/task-00020-disp00020/scf.in	c7bfbaaadce9b31cc93610e777312d38784796526d447e246922b3fe76f2d157	72
21	disp00021	/scratch/yuhansun/phono3py-runs/20260914-rb-fire-full-firstpass/Rb2Cu2SnS4/production/task-00021-disp00021/scf.in	d0bc0455b13d598dfcd17517f81c76244ed7a77d2e4d2b47c25f43a8e181fa41	72
22	disp00022	/scratch/yuhansun/phono3py-runs/20260914-rb-fire-full-firstpass/Rb2Cu2SnS4/production/task-00022-disp00022/scf.in	a7efe88a457f16d415b317c434b258407f015783e75f66590c57a26cef56bea2	72
23	disp00155	/scratch/yuhansun/phono3py-runs/20260914-rb-fire-full-firstpass/Rb2Cu2SnS4/production/task-00023-disp00155/scf.in	fd1d2db3b22f540c03369ddb7017a2e2e137d8a19dc99bf05d775d89d5c3cf26	72
24	disp00156	/scratch/yuhansun/phono3py-runs/20260914-rb-fire-full-firstpass/Rb2Cu2SnS4/production/task-00024-disp00156/scf.in	5acd4cca8add89c4c97cc3efa518bb5036c697ae6908d9d925b49563c163c35a	72
25	disp00157	/scratch/yuhansun/phono3py-runs/20260914-rb-fire-full-firstpass/Rb2Cu2SnS4/production/task-00025-disp00157/scf.in	d034f313a1741fd5f942fd96a5636de0ad61f3c7a8c3da4837b7621638d3cded	72
26	disp00158	/scratch/yuhansun/phono3py-runs/20260914-rb-fire-full-firstpass/Rb2Cu2SnS4/production/task-00026-disp00158/scf.in	d829ce488cbf5dfe779300b7dff71658906eadec34c9093ac320a5a7aa3cc854	72
27	disp00159	/scratch/yuhansun/phono3py-runs/20260914-rb-fire-full-firstpass/Rb2Cu2SnS4/production/task-00027-disp00159/scf.in	fe9b094041fdd9b742b00acf7a2a364fcc87e921db5c349e6554b5276b2a5b58	72
28	disp00160	/scratch/yuhansun/phono3py-runs/20260914-rb-fire-full-firstpass/Rb2Cu2SnS4/production/task-00028-disp00160/scf.in	5d3c2f76b9e0104dd0b8e6d070c8877431b61739717d447d83e96aabb15a9ec1	72
29	disp00185	/scratch/yuhansun/phono3py-runs/20260914-rb-fire-full-firstpass/Rb2Cu2SnS4/production/task-00029-disp00185/scf.in	0076512f20d64604dcdc04240c01343fd19e42de3f2dd35f9386ec70e627681c	72
30	disp00186	/scratch/yuhansun/phono3py-runs/20260914-rb-fire-full-firstpass/Rb2Cu2SnS4/production/task-00030-disp00186/scf.in	55831129171aeb929081a907d33e7b9821089a8bde9c4e40390d65474993cbe0	72
31	disp00187	/scratch/yuhansun/phono3py-runs/20260914-rb-fire-full-firstpass/Rb2Cu2SnS4/production/task-00031-disp00187/scf.in	b08e8d640de6763e44a2e652163932036ae5b7f82d756df3db41b599aa98874e	72
32	disp00188	/scratch/yuhansun/phono3py-runs/20260914-rb-fire-full-firstpass/Rb2Cu2SnS4/production/task-00032-disp00188/scf.in	86a0df9ecef929c4c4e289f68d29c5e96bc9c5f5e3d128ab1d99da41fbfd977f	72
33	disp00189	/scratch/yuhansun/phono3py-runs/20260914-rb-fire-full-firstpass/Rb2Cu2SnS4/production/task-00033-disp00189/scf.in	7062cde5823d853bc19f8de506be5a83d2bee50e4d9cefb07c2925bd04350287	72
34	disp00190	/scratch/yuhansun/phono3py-runs/20260914-rb-fire-full-firstpass/Rb2Cu2SnS4/production/task-00034-disp00190/scf.in	1fd2e676ab0a1bf728bc3d1b864baca0c373abfcf0020f8c3daf34a0aa243638	72
35	disp00191	/scratch/yuhansun/phono3py-runs/20260914-rb-fire-full-firstpass/Rb2Cu2SnS4/production/task-00035-disp00191/scf.in	b92a71f0f1256f9e58cd6cac411bc73952e5a9a15ef10ed2428d788019a4692a	72
36	disp00192	/scratch/yuhansun/phono3py-runs/20260914-rb-fire-full-firstpass/Rb2Cu2SnS4/production/task-00036-disp00192/scf.in	62486a24fca1192b5f62a922215afbbf6b454add97d6d65ff33889a519ace23a	72
37	disp00193	/scratch/yuhansun/phono3py-runs/20260914-rb-fire-full-firstpass/Rb2Cu2SnS4/production/task-00037-disp00193/scf.in	93d2da4e04a2c00304a6a58dc36ddb906026ba7c12779aea3d9a554538d6b007	72
38	disp00194	/scratch/yuhansun/phono3py-runs/20260914-rb-fire-full-firstpass/Rb2Cu2SnS4/production/task-00038-disp00194/scf.in	daa807e4bb72104c0c57d8c33f79ffe958f72012196dc40e586ace7c6b44b1a8	72
39	disp00195	/scratch/yuhansun/phono3py-runs/20260914-rb-fire-full-firstpass/Rb2Cu2SnS4/production/task-00039-disp00195/scf.in	ae7ef973c898bd69b66ef92686d0f0820a82d546974c2a51f733190afd04e8c4	72
40	disp00196	/scratch/yuhansun/phono3py-runs/20260914-rb-fire-full-firstpass/Rb2Cu2SnS4/production/task-00040-disp00196/scf.in	eafed17f3044f49a849b8da1ef91b1b57bbe2c7b092e0f8ecef5388bc2d02572	72
41	disp00227	/scratch/yuhansun/phono3py-runs/20260914-rb-fire-full-firstpass/Rb2Cu2SnS4/production/task-00041-disp00227/scf.in	d38372b18aadce58c173c912f181571c2ab33165376b1db6b497a28ef50dbd49	72
42	disp00228	/scratch/yuhansun/phono3py-runs/20260914-rb-fire-full-firstpass/Rb2Cu2SnS4/production/task-00042-disp00228/scf.in	2126f5d10271d040dafbe9c3d4aab7428b6f85102ad3eb93e1be696a58290d9e	72
43	disp00229	/scratch/yuhansun/phono3py-runs/20260914-rb-fire-full-firstpass/Rb2Cu2SnS4/production/task-00043-disp00229/scf.in	d405a5e6e84e5dad10bf14259db476c12bd02684cb7badadc906f0db68084a5c	72
44	disp00230	/scratch/yuhansun/phono3py-runs/20260914-rb-fire-full-firstpass/Rb2Cu2SnS4/production/task-00044-disp00230/scf.in	13544fdd3da07f682880e4f14dca837bd14a22ecd24df091d7fa49738fa76821	72
45	disp00231	/scratch/yuhansun/phono3py-runs/20260914-rb-fire-full-firstpass/Rb2Cu2SnS4/production/task-00045-disp00231/scf.in	faba22927eccdc25c6dac1a2c500c02f583a82d7a74f88fe39005e3cb8c55eb0	72
46	disp00232	/scratch/yuhansun/phono3py-runs/20260914-rb-fire-full-firstpass/Rb2Cu2SnS4/production/task-00046-disp00232/scf.in	c9f12ddf002cf4fbe1007df0162a5cdfe7e82245c4e346ff51e03c106e96c536	72
47	disp00251	/scratch/yuhansun/phono3py-runs/20260914-rb-fire-full-firstpass/Rb2Cu2SnS4/production/task-00047-disp00251/scf.in	de8518c0e7447be0daf275fc4f38974a0caa871ff48c7c734cfd54b20930df6d	72
48	disp00252	/scratch/yuhansun/phono3py-runs/20260914-rb-fire-full-firstpass/Rb2Cu2SnS4/production/task-00048-disp00252/scf.in	14a6e642bd200573fab1b77901ed14123753140c20ab9e00605bc2ae0cf33731	72
49	disp00253	/scratch/yuhansun/phono3py-runs/20260914-rb-fire-full-firstpass/Rb2Cu2SnS4/production/task-00049-disp00253/scf.in	a53a0776f8eee2a756e0914f581526f616177771de18ee24bc47c1aa6ab3bc9e	72
50	disp00254	/scratch/yuhansun/phono3py-runs/20260914-rb-fire-full-firstpass/Rb2Cu2SnS4/production/task-00050-disp00254/scf.in	db8e076640dd82d9ad32e38fbb215087c470cb86d0da0addfabb4369d81d247e	72
51	disp00387	/scratch/yuhansun/phono3py-runs/20260914-rb-fire-full-firstpass/Rb2Cu2SnS4/production/task-00051-disp00387/scf.in	242a063ed94c94f28c7af11a21f568a740a85d837d38e655a97c1ff68ad1cdc7	72
52	disp00388	/scratch/yuhansun/phono3py-runs/20260914-rb-fire-full-firstpass/Rb2Cu2SnS4/production/task-00052-disp00388/scf.in	2204ae97b270f4d423cae52b09dd2e32ac2974dae4d3b2180a45df7c20a2622c	72
53	disp00389	/scratch/yuhansun/phono3py-runs/20260914-rb-fire-full-firstpass/Rb2Cu2SnS4/production/task-00053-disp00389/scf.in	978586b2c5e2a8027b01bd01cb0b06d73d4bc5914e8dbeb5978ed237b0dfc3c6	72
54	disp00390	/scratch/yuhansun/phono3py-runs/20260914-rb-fire-full-firstpass/Rb2Cu2SnS4/production/task-00054-disp00390/scf.in	75295606032361ad0b45b60bcc38a32d4ba9efcf62b6e04c4801fa1e95b58980	72
55	disp00391	/scratch/yuhansun/phono3py-runs/20260914-rb-fire-full-firstpass/Rb2Cu2SnS4/production/task-00055-disp00391/scf.in	a3dade67a230bc7c802457c49765aea0b706da3c77b42ef43fd45ada742c1a4b	72
56	disp00392	/scratch/yuhansun/phono3py-runs/20260914-rb-fire-full-firstpass/Rb2Cu2SnS4/production/task-00056-disp00392/scf.in	1297c1ab1adcdbadd8bd72652c267e313f95d71a644960ca07e457d1d1ce5209	72
57	disp00417	/scratch/yuhansun/phono3py-runs/20260914-rb-fire-full-firstpass/Rb2Cu2SnS4/production/task-00057-disp00417/scf.in	afec172f3fe7a114fa99e33fd9569724436c40303241533280e5197ef99d12f6	72
58	disp00418	/scratch/yuhansun/phono3py-runs/20260914-rb-fire-full-firstpass/Rb2Cu2SnS4/production/task-00058-disp00418/scf.in	8acbd77b36fa9d58afb3ff9b844cb39edf7e8f68b501651607f7a6201ad177a7	72
59	disp00419	/scratch/yuhansun/phono3py-runs/20260914-rb-fire-full-firstpass/Rb2Cu2SnS4/production/task-00059-disp00419/scf.in	fe02ac797409d42f76a00472cdf3950ac5316489b2ead46e0c5895148db31254	72
60	disp00420	/scratch/yuhansun/phono3py-runs/20260914-rb-fire-full-firstpass/Rb2Cu2SnS4/production/task-00060-disp00420/scf.in	bc5f26892345d0001644dbe81b5cb39cd65640d09eb3cca660e5f19e45d58a5c	72
61	disp00421	/scratch/yuhansun/phono3py-runs/20260914-rb-fire-full-firstpass/Rb2Cu2SnS4/production/task-00061-disp00421/scf.in	d0501f4243c4edad6601cd74b6a6fcf4fd49177fdb64a74dcbf0bcd0d0f364b5	72
62	disp00422	/scratch/yuhansun/phono3py-runs/20260914-rb-fire-full-firstpass/Rb2Cu2SnS4/production/task-00062-disp00422/scf.in	c8b9810d6c4640af749ecebd02b2dc79e4272679905ec929312ebbd191affca4	72
63	disp00423	/scratch/yuhansun/phono3py-runs/20260914-rb-fire-full-firstpass/Rb2Cu2SnS4/production/task-00063-disp00423/scf.in	659cac42ecdaa0dce600990abe476232f137885befa9683dca90b795519a9c8f	72
64	disp00424	/scratch/yuhansun/phono3py-runs/20260914-rb-fire-full-firstpass/Rb2Cu2SnS4/production/task-00064-disp00424/scf.in	417547d9f49b2d6b0aad16dd7514d266402c60fdc0263f9d983144439dddc417	72
65	disp00425	/scratch/yuhansun/phono3py-runs/20260914-rb-fire-full-firstpass/Rb2Cu2SnS4/production/task-00065-disp00425/scf.in	1af464faf39be30a53643f860c58b082d100d00257eb7d6fcbec0fa3982b77a5	72
66	disp00426	/scratch/yuhansun/phono3py-runs/20260914-rb-fire-full-firstpass/Rb2Cu2SnS4/production/task-00066-disp00426/scf.in	d6057709badeaa31defdb376fc13e5516c4c5ac6faa9fc039eb618abf6cc93f5	72
67	disp00427	/scratch/yuhansun/phono3py-runs/20260914-rb-fire-full-firstpass/Rb2Cu2SnS4/production/task-00067-disp00427/scf.in	8b763ee3dc81bdb14dca0a3b7a19d95b84b3bc28d5e2353329cf3df6b27a61c8	72
68	disp00428	/scratch/yuhansun/phono3py-runs/20260914-rb-fire-full-firstpass/Rb2Cu2SnS4/production/task-00068-disp00428/scf.in	c8895e44275e8b0d7cb537968e68614f7f04562f638d7537cfddad1daf2d954c	72
69	disp00459	/scratch/yuhansun/phono3py-runs/20260914-rb-fire-full-firstpass/Rb2Cu2SnS4/production/task-00069-disp00459/scf.in	cab372a77964c2f5af83cdd7fa00e920664fb5f012ae77a066b86b6986a42548	72
70	disp00460	/scratch/yuhansun/phono3py-runs/20260914-rb-fire-full-firstpass/Rb2Cu2SnS4/production/task-00070-disp00460/scf.in	82fe9dda74bff2abfa033e53949ad595dd48df5bcf1e96286e589747ef27652e	72
71	disp00461	/scratch/yuhansun/phono3py-runs/20260914-rb-fire-full-firstpass/Rb2Cu2SnS4/production/task-00071-disp00461/scf.in	569aa6ea161004a227178fccf5d849bf9646b437ae07f756de994d5a5c16f004	72
72	disp00462	/scratch/yuhansun/phono3py-runs/20260914-rb-fire-full-firstpass/Rb2Cu2SnS4/production/task-00072-disp00462/scf.in	b0aae29346901737418ca8baacbc90e36a08e507355eea0bf58df12441c3dc3d	72
73	disp00463	/scratch/yuhansun/phono3py-runs/20260914-rb-fire-full-firstpass/Rb2Cu2SnS4/production/task-00073-disp00463/scf.in	8b555291b5dd3171bbc0bb1c8e36857d58721e0807b244a2b0eabf952851e788	72
74	disp00464	/scratch/yuhansun/phono3py-runs/20260914-rb-fire-full-firstpass/Rb2Cu2SnS4/production/task-00074-disp00464/scf.in	7576695b443631f4dab5ead51e42c90aa2c91ce5e18e91e08953dc4335dae6b8	72
75	disp00483	/scratch/yuhansun/phono3py-runs/20260914-rb-fire-full-firstpass/Rb2Cu2SnS4/production/task-00075-disp00483/scf.in	d310369f34b2cf8fd9df33d35070d416d92018190f9e8ee16754323b102ae10d	72
76	disp00484	/scratch/yuhansun/phono3py-runs/20260914-rb-fire-full-firstpass/Rb2Cu2SnS4/production/task-00076-disp00484/scf.in	fb7e59a31814e887e056fc45bd9ff06d0a2aee01a3ae7f8bdbc9c673937da4f2	72
77	disp00485	/scratch/yuhansun/phono3py-runs/20260914-rb-fire-full-firstpass/Rb2Cu2SnS4/production/task-00077-disp00485/scf.in	08b576798f0940b47e91bbefd671a1d5946c8e6282cf02b874a7d34eef35caea	72
78	disp00486	/scratch/yuhansun/phono3py-runs/20260914-rb-fire-full-firstpass/Rb2Cu2SnS4/production/task-00078-disp00486/scf.in	18681da17c664f6f32c1ce7627b84b6189322046d16a635608c888ab791a9d5f	72
79	disp00619	/scratch/yuhansun/phono3py-runs/20260914-rb-fire-full-firstpass/Rb2Cu2SnS4/production/task-00079-disp00619/scf.in	ae646d8579ffea3b5bafd84d7cfb0fa6757856dbe9fd31ff925609d72abc4301	72
80	disp00620	/scratch/yuhansun/phono3py-runs/20260914-rb-fire-full-firstpass/Rb2Cu2SnS4/production/task-00080-disp00620/scf.in	6e40a11bee91f48c7bf56922716dd3d2c8b5cd7d8645621a9ede730412d7aac0	72
81	disp00621	/scratch/yuhansun/phono3py-runs/20260914-rb-fire-full-firstpass/Rb2Cu2SnS4/production/task-00081-disp00621/scf.in	354ec9cc9a58243aa52cd75902fcb7358d24582d5aafd8ac377c7f0dad7a7987	72
82	disp00622	/scratch/yuhansun/phono3py-runs/20260914-rb-fire-full-firstpass/Rb2Cu2SnS4/production/task-00082-disp00622/scf.in	8f15561a85edd28b483fe135689d14521ee16892616ebd4994d79fbe56e93eec	72
83	disp00623	/scratch/yuhansun/phono3py-runs/20260914-rb-fire-full-firstpass/Rb2Cu2SnS4/production/task-00083-disp00623/scf.in	f53ce4ffd9c76a67d3cf9f1cade090ee93f678d2fab32aa52d9aa5cb505dd8d6	72
84	disp00624	/scratch/yuhansun/phono3py-runs/20260914-rb-fire-full-firstpass/Rb2Cu2SnS4/production/task-00084-disp00624/scf.in	3670ceba57da6eef766bba7917dda894a4be24292f9cf6a50e5e7ec865a90163	72
85	disp00649	/scratch/yuhansun/phono3py-runs/20260914-rb-fire-full-firstpass/Rb2Cu2SnS4/production/task-00085-disp00649/scf.in	11d302c207c09e69b468f1e63a51027892cb80c0f3aabbfbb50ca956d501f507	72
86	disp00650	/scratch/yuhansun/phono3py-runs/20260914-rb-fire-full-firstpass/Rb2Cu2SnS4/production/task-00086-disp00650/scf.in	b39212befd960215a8909424cb7444466d4b917414122d5c34cf396fdb94cfb4	72
87	disp00651	/scratch/yuhansun/phono3py-runs/20260914-rb-fire-full-firstpass/Rb2Cu2SnS4/production/task-00087-disp00651/scf.in	f84ba1b2f432a5cc437ae23ac2b564b34a53d74f806eab2fc893962f78eba63c	72
88	disp00652	/scratch/yuhansun/phono3py-runs/20260914-rb-fire-full-firstpass/Rb2Cu2SnS4/production/task-00088-disp00652/scf.in	ca398d897dc367c04d976e7b2159779eb66e8abe375e5c68cb63d620bedfa5b8	72
89	disp00653	/scratch/yuhansun/phono3py-runs/20260914-rb-fire-full-firstpass/Rb2Cu2SnS4/production/task-00089-disp00653/scf.in	716a457f4021f0b38bdb781bb11723cb4350ba266003a863de9f72fd3efd7c05	72
90	disp00654	/scratch/yuhansun/phono3py-runs/20260914-rb-fire-full-firstpass/Rb2Cu2SnS4/production/task-00090-disp00654/scf.in	84c2fbf3e2380a6cc4821b7f45e295cd085334ca843f665644b27347fd2d7c88	72
91	disp00655	/scratch/yuhansun/phono3py-runs/20260914-rb-fire-full-firstpass/Rb2Cu2SnS4/production/task-00091-disp00655/scf.in	4514757ebf7d28f619af758308369bf550de93252e44c70341f0447711630fb8	72
92	disp00656	/scratch/yuhansun/phono3py-runs/20260914-rb-fire-full-firstpass/Rb2Cu2SnS4/production/task-00092-disp00656/scf.in	d4e0ace01dc2a01d910db53354af5126b69d2ae1e0ba9e6186266bb3234d723b	72
93	disp00657	/scratch/yuhansun/phono3py-runs/20260914-rb-fire-full-firstpass/Rb2Cu2SnS4/production/task-00093-disp00657/scf.in	d7e166ec4d6d2ca9d19796d1493bbf86cbb1b6c6f7dbd6e1ec9eb89ce3897350	72
94	disp00658	/scratch/yuhansun/phono3py-runs/20260914-rb-fire-full-firstpass/Rb2Cu2SnS4/production/task-00094-disp00658/scf.in	6d8ab192ecf2231c4f52f5db0e31cc8e67f8d8cfa229b2dec640d4210a0fbcfc	72
95	disp00659	/scratch/yuhansun/phono3py-runs/20260914-rb-fire-full-firstpass/Rb2Cu2SnS4/production/task-00095-disp00659/scf.in	d36fb2247681ebb1212931675cee1806dfe8b53b05adf09fc551ad74b186dc3a	72
96	disp00660	/scratch/yuhansun/phono3py-runs/20260914-rb-fire-full-firstpass/Rb2Cu2SnS4/production/task-00096-disp00660/scf.in	479d069205d34adc8cd0576a6a798fef6d4f00c8e025b3ef98b353655fe04b00	72
97	disp00691	/scratch/yuhansun/phono3py-runs/20260914-rb-fire-full-firstpass/Rb2Cu2SnS4/production/task-00097-disp00691/scf.in	39e3f6fc79a12de8f62c0ee75f5242cc123541151a2f3419eef28170499d59b8	72
98	disp00692	/scratch/yuhansun/phono3py-runs/20260914-rb-fire-full-firstpass/Rb2Cu2SnS4/production/task-00098-disp00692/scf.in	ee0a552671c2b01af71c49fa748fcc5001a58207c4eb7ab319527a61c4853a1c	72
99	disp00693	/scratch/yuhansun/phono3py-runs/20260914-rb-fire-full-firstpass/Rb2Cu2SnS4/production/task-00099-disp00693/scf.in	6913503f39f65dff5408ae8b8083e8d63dfa446d7ae7ca0f28a83f6da4c73325	72
100	disp00694	/scratch/yuhansun/phono3py-runs/20260914-rb-fire-full-firstpass/Rb2Cu2SnS4/production/task-00100-disp00694/scf.in	09ee91c88a26eea428326f00672e1ce74e36d0c8fb86bd3f4ec45700595af5be	72
101	disp00695	/scratch/yuhansun/phono3py-runs/20260914-rb-fire-full-firstpass/Rb2Cu2SnS4/production/task-00101-disp00695/scf.in	85c2b94fc2bd99faf1dbb0a773ba1e9647a53014bde1b8b840117e0b6797973a	72
102	disp00696	/scratch/yuhansun/phono3py-runs/20260914-rb-fire-full-firstpass/Rb2Cu2SnS4/production/task-00102-disp00696/scf.in	c18a6ff9f44256e166a9a19b44f9672e224921b8d43914a9b1b3e586bcd0f020	72
103	disp00715	/scratch/yuhansun/phono3py-runs/20260914-rb-fire-full-firstpass/Rb2Cu2SnS4/production/task-00103-disp00715/scf.in	663470cfc7ac0515393625decfe1e03bda70001e1cb78a820c9477fa1b55c536	72
104	disp00716	/scratch/yuhansun/phono3py-runs/20260914-rb-fire-full-firstpass/Rb2Cu2SnS4/production/task-00104-disp00716/scf.in	d3ea9a06727581ce5a4523c1e2fef76e47757d0495300808a68f557b9de2dfff	72
105	disp00717	/scratch/yuhansun/phono3py-runs/20260914-rb-fire-full-firstpass/Rb2Cu2SnS4/production/task-00105-disp00717/scf.in	095bb3c09f8cbab717fec150455633812d54ffbd13b23751fcb99b88e4346312	72
106	disp00718	/scratch/yuhansun/phono3py-runs/20260914-rb-fire-full-firstpass/Rb2Cu2SnS4/production/task-00106-disp00718/scf.in	0d06dcbc917f33931254f8d61a5add0bb81255954cc5fcd489ef9004ef95acd0	72
107	disp00851	/scratch/yuhansun/phono3py-runs/20260914-rb-fire-full-firstpass/Rb2Cu2SnS4/production/task-00107-disp00851/scf.in	6fcb6f88c7ff2174a6facc61cb58f76c95303d7c9c0c8f2b57802f958b40b852	72
108	disp00852	/scratch/yuhansun/phono3py-runs/20260914-rb-fire-full-firstpass/Rb2Cu2SnS4/production/task-00108-disp00852/scf.in	23f2a680c68d126257aaa73190f3e1b1a9df5afd5131072337b676573709c80c	72
109	disp00853	/scratch/yuhansun/phono3py-runs/20260914-rb-fire-full-firstpass/Rb2Cu2SnS4/production/task-00109-disp00853/scf.in	c52c6818258b69b8f754c6387bb6a97694fef76e9aa42b655ba20c0200bc08b4	72
110	disp00854	/scratch/yuhansun/phono3py-runs/20260914-rb-fire-full-firstpass/Rb2Cu2SnS4/production/task-00110-disp00854/scf.in	7d99bb5e8625be2a5dc6c988772c73cff8fb2a35c9c242182d518eafb6509044	72
111	disp00855	/scratch/yuhansun/phono3py-runs/20260914-rb-fire-full-firstpass/Rb2Cu2SnS4/production/task-00111-disp00855/scf.in	25cedb371695c333a2cb18416384095e34c76b1f9e4b9e27d7cb8d1acf36afde	72
112	disp00856	/scratch/yuhansun/phono3py-runs/20260914-rb-fire-full-firstpass/Rb2Cu2SnS4/production/task-00112-disp00856/scf.in	a7684ca8a1c9d958f0f50cfbcf1efcab1c73e0f14113035ac52ad062539c5adf	72
113	disp00881	/scratch/yuhansun/phono3py-runs/20260914-rb-fire-full-firstpass/Rb2Cu2SnS4/production/task-00113-disp00881/scf.in	83b737754d8948bf6cb77ae034d3f3e47fabc0e9af6bc5714e0091a091c6974f	72
114	disp00882	/scratch/yuhansun/phono3py-runs/20260914-rb-fire-full-firstpass/Rb2Cu2SnS4/production/task-00114-disp00882/scf.in	35ceed3fa4e7447d7655583a1de300de5f47438621e4da2d1eb564321905e96b	72
115	disp00883	/scratch/yuhansun/phono3py-runs/20260914-rb-fire-full-firstpass/Rb2Cu2SnS4/production/task-00115-disp00883/scf.in	7b8035b3b590633c5e6407735ec188a40aed9448a033c4f7cab7456ff180eeeb	72
116	disp00884	/scratch/yuhansun/phono3py-runs/20260914-rb-fire-full-firstpass/Rb2Cu2SnS4/production/task-00116-disp00884/scf.in	0cccbf66144c99ea5f46265470829e74999344dd59b9f0de27e3bc9df06bd4f4	72
117	disp00885	/scratch/yuhansun/phono3py-runs/20260914-rb-fire-full-firstpass/Rb2Cu2SnS4/production/task-00117-disp00885/scf.in	65d9d437a4cf694f54308dd085382214882f481dbd9704ea52adcc7640cefa48	72
118	disp00886	/scratch/yuhansun/phono3py-runs/20260914-rb-fire-full-firstpass/Rb2Cu2SnS4/production/task-00118-disp00886/scf.in	cf9627908e28f70259951beedcde56bf0f321f72653c9166e829256a1fdc9907	72
119	disp00887	/scratch/yuhansun/phono3py-runs/20260914-rb-fire-full-firstpass/Rb2Cu2SnS4/production/task-00119-disp00887/scf.in	9ad57ac52d251df6e87ec1957fc54691d1598bda19a46b533585d3764bf5f206	72
120	disp00888	/scratch/yuhansun/phono3py-runs/20260914-rb-fire-full-firstpass/Rb2Cu2SnS4/production/task-00120-disp00888/scf.in	ccb246062c83fd098ea3e15616f4ac05671e9c9dd0a0081e80f0cfc9ab7d7391	72
121	disp00889	/scratch/yuhansun/phono3py-runs/20260914-rb-fire-full-firstpass/Rb2Cu2SnS4/production/task-00121-disp00889/scf.in	030d37361d810cf60f065d1f6e991bd79b2b42df4ee3ac3b356f70428f54a292	72
122	disp00890	/scratch/yuhansun/phono3py-runs/20260914-rb-fire-full-firstpass/Rb2Cu2SnS4/production/task-00122-disp00890/scf.in	8b32228f6f6d48aa24a5a43b6d57e5147d4487bd6e4a11f808d3b70afcd1669c	72
123	disp00891	/scratch/yuhansun/phono3py-runs/20260914-rb-fire-full-firstpass/Rb2Cu2SnS4/production/task-00123-disp00891/scf.in	008ffeba1b307a1dec182e6830b475f8c6db8365a860deb2ab9d4a477b08285d	72
124	disp00892	/scratch/yuhansun/phono3py-runs/20260914-rb-fire-full-firstpass/Rb2Cu2SnS4/production/task-00124-disp00892/scf.in	441d55a2c828e3f795a43237c2c41ee863fe63ed60f5abc80a9024effea45a73	72
125	disp00923	/scratch/yuhansun/phono3py-runs/20260914-rb-fire-full-firstpass/Rb2Cu2SnS4/production/task-00125-disp00923/scf.in	dc47ff09fcd93f09e602815de39bd6442962864cdc3f7f12c597a7125b87fd24	72
126	disp00924	/scratch/yuhansun/phono3py-runs/20260914-rb-fire-full-firstpass/Rb2Cu2SnS4/production/task-00126-disp00924/scf.in	ba7d4e8cfacb50a1fd8edb4c33cf0e649a3f227c92c66f962372d665ccbb1432	72
127	disp00925	/scratch/yuhansun/phono3py-runs/20260914-rb-fire-full-firstpass/Rb2Cu2SnS4/production/task-00127-disp00925/scf.in	6a7eb35a4a0985b9c304694fd2987eb217858a9b1d7bebb118d2b15a9f95f518	72
128	disp00926	/scratch/yuhansun/phono3py-runs/20260914-rb-fire-full-firstpass/Rb2Cu2SnS4/production/task-00128-disp00926/scf.in	945e5d052d8397e0c0734ac6a72b2cee9e9156380f7c1103c0f144526ffecf2a	72
129	disp00927	/scratch/yuhansun/phono3py-runs/20260914-rb-fire-full-firstpass/Rb2Cu2SnS4/production/task-00129-disp00927/scf.in	2b1a72c735f57dce13a5b037022341b4a797910d1f90595b8d23991102decda3	72
130	disp00928	/scratch/yuhansun/phono3py-runs/20260914-rb-fire-full-firstpass/Rb2Cu2SnS4/production/task-00130-disp00928/scf.in	fc6cb5bdcfe875a09476407675065ed977e9f1739ae29da373e816b879fd07a2	72
131	disp00947	/scratch/yuhansun/phono3py-runs/20260914-rb-fire-full-firstpass/Rb2Cu2SnS4/production/task-00131-disp00947/scf.in	4da6133d4b3701ecd976d029315855713e5a2abf71c3b18a708840ff9a2d3a07	72
132	disp00948	/scratch/yuhansun/phono3py-runs/20260914-rb-fire-full-firstpass/Rb2Cu2SnS4/production/task-00132-disp00948/scf.in	a0fdcb226ce9319bba9ad25389116171103bb63ef571fcd9828d36a037de60b2	72
133	disp00949	/scratch/yuhansun/phono3py-runs/20260914-rb-fire-full-firstpass/Rb2Cu2SnS4/production/task-00133-disp00949/scf.in	ad5ddf3fe5e4d391b6c783f546c2e46af0110134d6838c789e303eece5a03925	72
134	disp00950	/scratch/yuhansun/phono3py-runs/20260914-rb-fire-full-firstpass/Rb2Cu2SnS4/production/task-00134-disp00950/scf.in	af54f0224a19460617f6dcf04af6e1ef9bdb97a41a12765f551ca8772b30198c	72
135	disp00951	/scratch/yuhansun/phono3py-runs/20260914-rb-fire-full-firstpass/Rb2Cu2SnS4/production/task-00135-disp00951/scf.in	b4dea23019554029785a10ac10789a17221d7511665a95dc9b654ce7ee67f0b4	72
136	disp00952	/scratch/yuhansun/phono3py-runs/20260914-rb-fire-full-firstpass/Rb2Cu2SnS4/production/task-00136-disp00952/scf.in	f436dd8423f38cb24fb3b63e472cb7f0e35bc9fae313edf29fe2bd42951707ae	72
137	disp01187	/scratch/yuhansun/phono3py-runs/20260914-rb-fire-full-firstpass/Rb2Cu2SnS4/production/task-00137-disp01187/scf.in	85077d55f62cce0db6b5560d324b0d83e68638d4ccc98c6b366b7a5ca1334b9e	72
138	disp01188	/scratch/yuhansun/phono3py-runs/20260914-rb-fire-full-firstpass/Rb2Cu2SnS4/production/task-00138-disp01188/scf.in	38ac8eaf968d173f036365b1c297e6021ed0d1615d02c160ee15c75cefdb8b41	72
139	disp01189	/scratch/yuhansun/phono3py-runs/20260914-rb-fire-full-firstpass/Rb2Cu2SnS4/production/task-00139-disp01189/scf.in	18548dc0d4ac41c1c85d9de1e485cb94aa8efd16c1b16346492b5213e4254867	72
140	disp01190	/scratch/yuhansun/phono3py-runs/20260914-rb-fire-full-firstpass/Rb2Cu2SnS4/production/task-00140-disp01190/scf.in	243344f990f3855836888f41f2cbcf9a97db7f2c1f7bead8d34048664b152d9d	72
141	disp01191	/scratch/yuhansun/phono3py-runs/20260914-rb-fire-full-firstpass/Rb2Cu2SnS4/production/task-00141-disp01191/scf.in	59994e8e2465997185df2cc249313b15120638ae35dd07a3791f8f7f0b3bf295	72
142	disp01192	/scratch/yuhansun/phono3py-runs/20260914-rb-fire-full-firstpass/Rb2Cu2SnS4/production/task-00142-disp01192/scf.in	2a5d8961fb5b09038196dd99fe393dc6802b2702ba29470fe2809018eb1d0815	72
143	disp01217	/scratch/yuhansun/phono3py-runs/20260914-rb-fire-full-firstpass/Rb2Cu2SnS4/production/task-00143-disp01217/scf.in	649b7cb83a0d8cb173ad86b0f00a324b57eae6689c842f7102fdf96c7ed01c73	72
144	disp01218	/scratch/yuhansun/phono3py-runs/20260914-rb-fire-full-firstpass/Rb2Cu2SnS4/production/task-00144-disp01218/scf.in	53dcfc9b1a2b708a6395de91c5f11486787d65872b23eb9b1d26b0aaa53fde17	72
145	disp01219	/scratch/yuhansun/phono3py-runs/20260914-rb-fire-full-firstpass/Rb2Cu2SnS4/production/task-00145-disp01219/scf.in	85dd25ff12db9f60a5bd773d69ae39a0d586fcea670e0aa1eaceb0d7f5cdc957	72
146	disp01220	/scratch/yuhansun/phono3py-runs/20260914-rb-fire-full-firstpass/Rb2Cu2SnS4/production/task-00146-disp01220/scf.in	7f72387c5c419f86f52d6ac928730219822ec0943d72cbaa205ca31fead7a88f	72
147	disp01221	/scratch/yuhansun/phono3py-runs/20260914-rb-fire-full-firstpass/Rb2Cu2SnS4/production/task-00147-disp01221/scf.in	99badb3311ab54d6677c785214a49c8e501834369e174ea6bd35e68be36446e7	72
148	disp01222	/scratch/yuhansun/phono3py-runs/20260914-rb-fire-full-firstpass/Rb2Cu2SnS4/production/task-00148-disp01222/scf.in	5ca4cad562ea535f821b40435f627af403b667602e8594c5c54fb6041b65d968	72
149	disp01223	/scratch/yuhansun/phono3py-runs/20260914-rb-fire-full-firstpass/Rb2Cu2SnS4/production/task-00149-disp01223/scf.in	c90185d4b7591f6e380d818605240de7b219f679a3a5bed20d12276fb9c9fb68	72
150	disp01224	/scratch/yuhansun/phono3py-runs/20260914-rb-fire-full-firstpass/Rb2Cu2SnS4/production/task-00150-disp01224/scf.in	d9405cf3855717764a1b20d8295434441656175d0ed1a177e9100f76b53a2f3c	72
151	disp01225	/scratch/yuhansun/phono3py-runs/20260914-rb-fire-full-firstpass/Rb2Cu2SnS4/production/task-00151-disp01225/scf.in	34e2ab180e9dce3308e6e58c6c84a2fc1b1ca0c26fd7627a2a39c15519c5f6bd	72
152	disp01226	/scratch/yuhansun/phono3py-runs/20260914-rb-fire-full-firstpass/Rb2Cu2SnS4/production/task-00152-disp01226/scf.in	1a7210df3c90224dd000155ee8d8515b719b85b330c2ee1c3c3f7f5d270d2acb	72
153	disp01227	/scratch/yuhansun/phono3py-runs/20260914-rb-fire-full-firstpass/Rb2Cu2SnS4/production/task-00153-disp01227/scf.in	b52c59fb40795b2bd57b7bf0caa7ea6ff00510c270d52b9b397ca94d599e954b	72
154	disp01228	/scratch/yuhansun/phono3py-runs/20260914-rb-fire-full-firstpass/Rb2Cu2SnS4/production/task-00154-disp01228/scf.in	a6a20a07cc4382077a778867a1cc0f93edfdb514174d642bc308ee7a505d22b3	72
155	disp01241	/scratch/yuhansun/phono3py-runs/20260914-rb-fire-full-firstpass/Rb2Cu2SnS4/production/task-00155-disp01241/scf.in	8b025d11984b6f4c27d1272214b38fb7b3c0a5927400bde0d60512d3641b2be2	72
156	disp01242	/scratch/yuhansun/phono3py-runs/20260914-rb-fire-full-firstpass/Rb2Cu2SnS4/production/task-00156-disp01242/scf.in	44be579bbfd179d2fa6cc087a612c27073768dadbe08605a78578a50122b0ff1	72
157	disp01243	/scratch/yuhansun/phono3py-runs/20260914-rb-fire-full-firstpass/Rb2Cu2SnS4/production/task-00157-disp01243/scf.in	7e100e06643adfdc5942dfb8281d1d4cc0b5562709de593c55dd68aec07139c2	72
158	disp01244	/scratch/yuhansun/phono3py-runs/20260914-rb-fire-full-firstpass/Rb2Cu2SnS4/production/task-00158-disp01244/scf.in	b97c1509b6fce0819fadf0df23895e98977509924885c911a76632701bcb88c9	72
159	disp01245	/scratch/yuhansun/phono3py-runs/20260914-rb-fire-full-firstpass/Rb2Cu2SnS4/production/task-00159-disp01245/scf.in	bd48620f3014a11661c95a0203eaa707483666187a3f9913e0a7f74d28a4786b	72
160	disp01246	/scratch/yuhansun/phono3py-runs/20260914-rb-fire-full-firstpass/Rb2Cu2SnS4/production/task-00160-disp01246/scf.in	e3d51ec12105345c8ac4693b3598b3b0b8634f91a3d7dd6bd501962a3b96ff52	72
161	disp01247	/scratch/yuhansun/phono3py-runs/20260914-rb-fire-full-firstpass/Rb2Cu2SnS4/production/task-00161-disp01247/scf.in	ad9f1a048cdd782f6c9b4bf0c90b7a745c85895626639906efc73deb0e060841	72
162	disp01248	/scratch/yuhansun/phono3py-runs/20260914-rb-fire-full-firstpass/Rb2Cu2SnS4/production/task-00162-disp01248/scf.in	2bcac7f1094e13dcbe5c27a52dbc94de615247a2b521b1c29f66abf095844695	72
163	disp01249	/scratch/yuhansun/phono3py-runs/20260914-rb-fire-full-firstpass/Rb2Cu2SnS4/production/task-00163-disp01249/scf.in	3125c75446985d196d298ff0c2bac0cdd7165bc796f193cdede5ead01280629f	72
164	disp01250	/scratch/yuhansun/phono3py-runs/20260914-rb-fire-full-firstpass/Rb2Cu2SnS4/production/task-00164-disp01250/scf.in	d38d2611b9a3eeb59d720a0e48b93c5b8cc220132784727e2c18d76679d79c17	72
165	disp01251	/scratch/yuhansun/phono3py-runs/20260914-rb-fire-full-firstpass/Rb2Cu2SnS4/production/task-00165-disp01251/scf.in	3257594f2e6b8df89d0ce5757f285d6a3c948ce0db8ae7fb788c866fa1d2c8de	72
166	disp01252	/scratch/yuhansun/phono3py-runs/20260914-rb-fire-full-firstpass/Rb2Cu2SnS4/production/task-00166-disp01252/scf.in	35b820120b69799a764ed2d85af56a533c81c7cb5f41bf0a2cb2654455fbacd3	72
167	disp01259	/scratch/yuhansun/phono3py-runs/20260914-rb-fire-full-firstpass/Rb2Cu2SnS4/production/task-00167-disp01259/scf.in	8264b1dc303900802610ea6dacc5c63b618e03ce43237c9b22050c4c3292d3ef	72
168	disp01260	/scratch/yuhansun/phono3py-runs/20260914-rb-fire-full-firstpass/Rb2Cu2SnS4/production/task-00168-disp01260/scf.in	be9729b2d6803edb4ff6e099e7f009de32c96bfe4bd06a27cd84da317caba287	72
169	disp01261	/scratch/yuhansun/phono3py-runs/20260914-rb-fire-full-firstpass/Rb2Cu2SnS4/production/task-00169-disp01261/scf.in	3d7b7eab59340307bd843797d16c993af26d811b458b71ba58b01f3e54ad6297	72
170	disp01262	/scratch/yuhansun/phono3py-runs/20260914-rb-fire-full-firstpass/Rb2Cu2SnS4/production/task-00170-disp01262/scf.in	201157e3e9cff0830136799fb0f61f3550a1bfe7ba862436052acf126ca560c0	72
171	disp01263	/scratch/yuhansun/phono3py-runs/20260914-rb-fire-full-firstpass/Rb2Cu2SnS4/production/task-00171-disp01263/scf.in	99ceeb9ea23d0c44cea93c06edf2d20800de2f1c4267aaec4ab6d15016b4d7c6	72
172	disp01264	/scratch/yuhansun/phono3py-runs/20260914-rb-fire-full-firstpass/Rb2Cu2SnS4/production/task-00172-disp01264/scf.in	8746280db54021c5dfb216c0351974062981f22f3319f7e8b82cd995d8de4b02	72
173	disp01307	/scratch/yuhansun/phono3py-runs/20260914-rb-fire-full-firstpass/Rb2Cu2SnS4/production/task-00173-disp01307/scf.in	1a15d21221d19f35ffc73356978fb710e1a98de1a8c904e37434f60c407ac74f	72
174	disp01308	/scratch/yuhansun/phono3py-runs/20260914-rb-fire-full-firstpass/Rb2Cu2SnS4/production/task-00174-disp01308/scf.in	a87cad809ed7095786a58585286e810ee6c3f5bc3bbd1b9bbb98aa94428dba96	72
175	disp01309	/scratch/yuhansun/phono3py-runs/20260914-rb-fire-full-firstpass/Rb2Cu2SnS4/production/task-00175-disp01309/scf.in	2a868a607b57c65cb5358c82ec0d5f03461030040beca9d2717f8296c95d8450	72
176	disp01310	/scratch/yuhansun/phono3py-runs/20260914-rb-fire-full-firstpass/Rb2Cu2SnS4/production/task-00176-disp01310/scf.in	21ccfb27b15d7fab22452204dd270511b616a2fbbe6f1b31c5bddec250f0be05	72
177	disp01311	/scratch/yuhansun/phono3py-runs/20260914-rb-fire-full-firstpass/Rb2Cu2SnS4/production/task-00177-disp01311/scf.in	8687e29b0e2fd848d1de854955e7b64a3ae73411c6343321daa79a1dc5335d6f	72
178	disp01312	/scratch/yuhansun/phono3py-runs/20260914-rb-fire-full-firstpass/Rb2Cu2SnS4/production/task-00178-disp01312/scf.in	0358d1db5125538a101bab22ee279b4e6a4cdda52c2c4b027c5c3738b8c81508	72
179	disp01343	/scratch/yuhansun/phono3py-runs/20260914-rb-fire-full-firstpass/Rb2Cu2SnS4/production/task-00179-disp01343/scf.in	1f92ce2a4ddd6831aec21def778f5dbb2ecc0eb7f96782410ddc20082536069b	72
180	disp01344	/scratch/yuhansun/phono3py-runs/20260914-rb-fire-full-firstpass/Rb2Cu2SnS4/production/task-00180-disp01344/scf.in	f0dd05c0e11c6b47d2fa4f1b86360494980367948ca9ae6f2dcea12a50f61aed	72
181	disp01345	/scratch/yuhansun/phono3py-runs/20260914-rb-fire-full-firstpass/Rb2Cu2SnS4/production/task-00181-disp01345/scf.in	67aeedab599be1928ceb9610c0d9ccda260b3b3b814bf545a7b63b1c85b8dc55	72
182	disp01346	/scratch/yuhansun/phono3py-runs/20260914-rb-fire-full-firstpass/Rb2Cu2SnS4/production/task-00182-disp01346/scf.in	927ae946f6c93fd5905204bb33fa784c6f6fbb6f63451d8ad893ea4a50c72b7f	72
183	disp01347	/scratch/yuhansun/phono3py-runs/20260914-rb-fire-full-firstpass/Rb2Cu2SnS4/production/task-00183-disp01347/scf.in	557cf7ea5d41ee8855c9904dec530c7eae046c691c628fdb5f5b8205e57aa15b	72
184	disp01348	/scratch/yuhansun/phono3py-runs/20260914-rb-fire-full-firstpass/Rb2Cu2SnS4/production/task-00184-disp01348/scf.in	8b5d1c6eaeab470c617308efb5faa9eda6c52a78d8e45798aa5a747856b8bbba	72
185	disp01475	/scratch/yuhansun/phono3py-runs/20260914-rb-fire-full-firstpass/Rb2Cu2SnS4/production/task-00185-disp01475/scf.in	e72d2e6fb84c06049bb0c933fdccdd9e2de79b034ad9039ad12ef2caceea0500	72
186	disp01476	/scratch/yuhansun/phono3py-runs/20260914-rb-fire-full-firstpass/Rb2Cu2SnS4/production/task-00186-disp01476/scf.in	e51ad3ca2b1b7bf8361742ac2b10965235a45dd8f1b2c0881259fa191d9b1d65	72
187	disp01477	/scratch/yuhansun/phono3py-runs/20260914-rb-fire-full-firstpass/Rb2Cu2SnS4/production/task-00187-disp01477/scf.in	07de4a63d9e42f2b02f1c9746b92770e9e42dd707af1c1f4410403b9a7c4b9de	72
188	disp01478	/scratch/yuhansun/phono3py-runs/20260914-rb-fire-full-firstpass/Rb2Cu2SnS4/production/task-00188-disp01478/scf.in	11a4445b1c82164776c7c7211b4105685966778a518aa6a2c04ea057e8b1232d	72
189	disp01479	/scratch/yuhansun/phono3py-runs/20260914-rb-fire-full-firstpass/Rb2Cu2SnS4/production/task-00189-disp01479/scf.in	377fb57ec1e4dd0d25c232081faa843574aeb1dd7aaf07ac527d4a6033dc7201	72
190	disp01480	/scratch/yuhansun/phono3py-runs/20260914-rb-fire-full-firstpass/Rb2Cu2SnS4/production/task-00190-disp01480/scf.in	1f62f870e0e438f9eed9ff040cf84e2a05e9d6b29ce4f9fecc92d946824a8085	72
191	disp01499	/scratch/yuhansun/phono3py-runs/20260914-rb-fire-full-firstpass/Rb2Cu2SnS4/production/task-00191-disp01499/scf.in	bae5806b0f98c0a51ab478a528bdd7683a8c7fcb5939a88a749cb3465aee4915	72
192	disp01500	/scratch/yuhansun/phono3py-runs/20260914-rb-fire-full-firstpass/Rb2Cu2SnS4/production/task-00192-disp01500/scf.in	5e31266388bd9fddb209efb6761dea334736ee56726f51c334218d2fe31efe7f	72
193	disp01501	/scratch/yuhansun/phono3py-runs/20260914-rb-fire-full-firstpass/Rb2Cu2SnS4/production/task-00193-disp01501/scf.in	1f75b8c4c6ab1a4cc552b1eefcb78097970f77cff5906d4157582a1c88128b10	72
194	disp01502	/scratch/yuhansun/phono3py-runs/20260914-rb-fire-full-firstpass/Rb2Cu2SnS4/production/task-00194-disp01502/scf.in	36bb19e82d306dc66c3638d7b73d5f045a60b96cd1a1038fb80152414245f4b7	72
195	disp01503	/scratch/yuhansun/phono3py-runs/20260914-rb-fire-full-firstpass/Rb2Cu2SnS4/production/task-00195-disp01503/scf.in	1117f92556eaa43d42883b8013bf2c36bb50f1e7c2e66cd2e60c05203b92b5c6	72
196	disp01504	/scratch/yuhansun/phono3py-runs/20260914-rb-fire-full-firstpass/Rb2Cu2SnS4/production/task-00196-disp01504/scf.in	eefa0af38028e57c1f330ed11bf9fcef34ca155a5f47474beef4e99b4bc54ae4	72
197	disp01517	/scratch/yuhansun/phono3py-runs/20260914-rb-fire-full-firstpass/Rb2Cu2SnS4/production/task-00197-disp01517/scf.in	a84efa9e09d75285e89e22c66d6ed3ab85a769a34f15c87070112c60f16480e6	72
198	disp01518	/scratch/yuhansun/phono3py-runs/20260914-rb-fire-full-firstpass/Rb2Cu2SnS4/production/task-00198-disp01518/scf.in	9c6e34a516199328bc52d4717f0d1d6ce9499278ffe28cad1d1baf72f48b7701	72
199	disp01519	/scratch/yuhansun/phono3py-runs/20260914-rb-fire-full-firstpass/Rb2Cu2SnS4/production/task-00199-disp01519/scf.in	4ada7f3d9fac6877b1315e991c3c772f19af31105d5955128a9d3270bab6e37f	72
200	disp01520	/scratch/yuhansun/phono3py-runs/20260914-rb-fire-full-firstpass/Rb2Cu2SnS4/production/task-00200-disp01520/scf.in	e21aeafd892e9ad177e6e86a0851619aa89406c33fd57a86b89e11767e003047	72
201	disp01521	/scratch/yuhansun/phono3py-runs/20260914-rb-fire-full-firstpass/Rb2Cu2SnS4/production/task-00201-disp01521/scf.in	0634100d1eb938c6796cecc2fbb01a2668459a3e2c2e3551cff111c6416c22d6	72
202	disp01522	/scratch/yuhansun/phono3py-runs/20260914-rb-fire-full-firstpass/Rb2Cu2SnS4/production/task-00202-disp01522/scf.in	502134d365cc65fe69b99c24560d89c308888d79b5d048c8eeb7e04e919dc8a9	72
203	disp01601	/scratch/yuhansun/phono3py-runs/20260914-rb-fire-full-firstpass/Rb2Cu2SnS4/production/task-00203-disp01601/scf.in	9b29286b5b4ebfb797a610058a6055fb7a1c6d9b967e4676837e54c7d49f1acd	72
204	disp01602	/scratch/yuhansun/phono3py-runs/20260914-rb-fire-full-firstpass/Rb2Cu2SnS4/production/task-00204-disp01602/scf.in	a449d0363f75fa4097d18b9d0eb02f54f5b98e634a54b946e2a77e2db3550b31	72
205	disp01603	/scratch/yuhansun/phono3py-runs/20260914-rb-fire-full-firstpass/Rb2Cu2SnS4/production/task-00205-disp01603/scf.in	58b892a924ab29b5154a3c8b55c1efac7c622f2b94ac0d7e6651e52c4d1a269b	72
206	disp01604	/scratch/yuhansun/phono3py-runs/20260914-rb-fire-full-firstpass/Rb2Cu2SnS4/production/task-00206-disp01604/scf.in	47bd6d941e9f38625398f428960edfb5a5404a98054d4341038b83ad0cd1120a	72
207	disp01605	/scratch/yuhansun/phono3py-runs/20260914-rb-fire-full-firstpass/Rb2Cu2SnS4/production/task-00207-disp01605/scf.in	2a91ad2c2d2a16ef87a2229d1687704c50650a03224b478bf6efb0d3a18955a0	72
208	disp01606	/scratch/yuhansun/phono3py-runs/20260914-rb-fire-full-firstpass/Rb2Cu2SnS4/production/task-00208-disp01606/scf.in	cbc56262cb6426c9418d55816377b048a063577563e559dda1dcee801cb2c0ab	72
209	disp01625	/scratch/yuhansun/phono3py-runs/20260914-rb-fire-full-firstpass/Rb2Cu2SnS4/production/task-00209-disp01625/scf.in	f06647539284cd23e676337cb01296ea3c0fba7047f5ed3fed5fab85352aeff0	72
210	disp01626	/scratch/yuhansun/phono3py-runs/20260914-rb-fire-full-firstpass/Rb2Cu2SnS4/production/task-00210-disp01626/scf.in	3c0ad69fbc5053bc88856cc73e7a75bc641253963bd3083a786c49c4cee8ed17	72
211	disp01627	/scratch/yuhansun/phono3py-runs/20260914-rb-fire-full-firstpass/Rb2Cu2SnS4/production/task-00211-disp01627/scf.in	77f45a6c1ab6196a2c2782376b2370ddac5f11dcc870211b85b4d0eca12d0ef5	72
212	disp01628	/scratch/yuhansun/phono3py-runs/20260914-rb-fire-full-firstpass/Rb2Cu2SnS4/production/task-00212-disp01628/scf.in	2a4f6702ad317dc18350bf44adbd2f26ee0fe8e119505a4f2d81b38d9df4e117	72
213	disp01629	/scratch/yuhansun/phono3py-runs/20260914-rb-fire-full-firstpass/Rb2Cu2SnS4/production/task-00213-disp01629/scf.in	205c7477ce74ef75c50661fa377591196f0a5bf072dbab48307e60bd096b0253	72
214	disp01630	/scratch/yuhansun/phono3py-runs/20260914-rb-fire-full-firstpass/Rb2Cu2SnS4/production/task-00214-disp01630/scf.in	b01c964c8f3731f408b4553ef697a6595bdf0a48e29a8a69ca933c8ee373d387	72
215	disp01649	/scratch/yuhansun/phono3py-runs/20260914-rb-fire-full-firstpass/Rb2Cu2SnS4/production/task-00215-disp01649/scf.in	e0beb0b71cefbedf7d35bd2e9fac220c07b66fed4d7fc3c94b44ac1a959241ff	72
216	disp01650	/scratch/yuhansun/phono3py-runs/20260914-rb-fire-full-firstpass/Rb2Cu2SnS4/production/task-00216-disp01650/scf.in	6e643cf74215134bc45267ae677ac7d119e9745033ff593890193f90ff00a09b	72
217	disp01651	/scratch/yuhansun/phono3py-runs/20260914-rb-fire-full-firstpass/Rb2Cu2SnS4/production/task-00217-disp01651/scf.in	4f6d8d50622076d8207b4c15c50c04b161d87c94f4832cdb03cdfee6b0f0399b	72
218	disp01652	/scratch/yuhansun/phono3py-runs/20260914-rb-fire-full-firstpass/Rb2Cu2SnS4/production/task-00218-disp01652/scf.in	469c42a37ea09ed01731035e0b91b31eb6fdb43b6c4e8280f9394b1581770dfa	72
219	disp01653	/scratch/yuhansun/phono3py-runs/20260914-rb-fire-full-firstpass/Rb2Cu2SnS4/production/task-00219-disp01653/scf.in	171332cd5658dc67165c52c3952d6514c62038a3ce54bd6dc11d93bd3e349e49	72
220	disp01654	/scratch/yuhansun/phono3py-runs/20260914-rb-fire-full-firstpass/Rb2Cu2SnS4/production/task-00220-disp01654/scf.in	21d2bd4b6bce4ee387a498a85de733bc2a51d641358766f1fdeaa8db6de3bbad	72
221	disp01775	/scratch/yuhansun/phono3py-runs/20260914-rb-fire-full-firstpass/Rb2Cu2SnS4/production/task-00221-disp01775/scf.in	1b9cd7603bbf615e538611460b169cdf4a86fe755dafde9b6dccf365a4ef52a1	72
222	disp01776	/scratch/yuhansun/phono3py-runs/20260914-rb-fire-full-firstpass/Rb2Cu2SnS4/production/task-00222-disp01776/scf.in	059528de900cce01edfec7b498c7ec496563a802a1632683bdb167a36e941b0e	72
223	disp01777	/scratch/yuhansun/phono3py-runs/20260914-rb-fire-full-firstpass/Rb2Cu2SnS4/production/task-00223-disp01777/scf.in	066cf7646c76307da0bd249534c61eb75d1cb38fd307842900186b07cf5dff97	72
224	disp01778	/scratch/yuhansun/phono3py-runs/20260914-rb-fire-full-firstpass/Rb2Cu2SnS4/production/task-00224-disp01778/scf.in	19ca538385e19c12dc36868c6b364013da5fa133d47eef8528a3fba333e24010	72
225	disp01779	/scratch/yuhansun/phono3py-runs/20260914-rb-fire-full-firstpass/Rb2Cu2SnS4/production/task-00225-disp01779/scf.in	7cf7148acbdd2472ba5f94f52dd948d9487e57af044e20ac12358dc0005f3a01	72
226	disp01780	/scratch/yuhansun/phono3py-runs/20260914-rb-fire-full-firstpass/Rb2Cu2SnS4/production/task-00226-disp01780/scf.in	aa0733f85c6918c74c7e793bfac8b277231cbf3c458a0b5ce9008422138413a1	72
227	disp01793	/scratch/yuhansun/phono3py-runs/20260914-rb-fire-full-firstpass/Rb2Cu2SnS4/production/task-00227-disp01793/scf.in	1ca159e74776e3832993875eaf9a3efa6897c42bd5b0228c78f7a034239665c4	72
228	disp01794	/scratch/yuhansun/phono3py-runs/20260914-rb-fire-full-firstpass/Rb2Cu2SnS4/production/task-00228-disp01794/scf.in	9f95d3fe4d2be98eff4d109311ef95713842e5714532e9b8c6ba73abb2598016	72
229	disp01795	/scratch/yuhansun/phono3py-runs/20260914-rb-fire-full-firstpass/Rb2Cu2SnS4/production/task-00229-disp01795/scf.in	d66b06a146f5a6e4abeb4d66c4c0b588e95ee1c0c25cb8e19d36e1711432d3d1	72
230	disp01796	/scratch/yuhansun/phono3py-runs/20260914-rb-fire-full-firstpass/Rb2Cu2SnS4/production/task-00230-disp01796/scf.in	c8a9d159c9057bb4d77a7dc7cfc897dca64c2fd7bfcdf390205b9070478c314b	72
231	disp01797	/scratch/yuhansun/phono3py-runs/20260914-rb-fire-full-firstpass/Rb2Cu2SnS4/production/task-00231-disp01797/scf.in	591043667bb0c1e90140db7937361d7db7015fd82edfd6d9b4166c5698fc90b4	72
232	disp01798	/scratch/yuhansun/phono3py-runs/20260914-rb-fire-full-firstpass/Rb2Cu2SnS4/production/task-00232-disp01798/scf.in	cd3b2a2cba7b8bbe55ffe7716d09173e7c63157b1d0165eeb1e7a9c6b524b0b8	72
233	disp01859	/scratch/yuhansun/phono3py-runs/20260914-rb-fire-full-firstpass/Rb2Cu2SnS4/production/task-00233-disp01859/scf.in	0f6cf24ecbca345ab98495bfafe544116344967c652528b640f546cabf62d2b7	72
234	disp01860	/scratch/yuhansun/phono3py-runs/20260914-rb-fire-full-firstpass/Rb2Cu2SnS4/production/task-00234-disp01860/scf.in	120ee22a751b17b66341ffe80b84c73de277f787fa415a88ad41ac4880cd2791	72
235	disp01861	/scratch/yuhansun/phono3py-runs/20260914-rb-fire-full-firstpass/Rb2Cu2SnS4/production/task-00235-disp01861/scf.in	05108381361ac921c08fb6a0e4a72c15550f7420e5367c8822a2ff1f1aaa68dc	72
236	disp01871	/scratch/yuhansun/phono3py-runs/20260914-rb-fire-full-firstpass/Rb2Cu2SnS4/production/task-00236-disp01871/scf.in	b77101ffa9c80bb8c93f9861e1e2c6dcda12ede5d80d462d95d67b5246b086a8	72
237	disp01872	/scratch/yuhansun/phono3py-runs/20260914-rb-fire-full-firstpass/Rb2Cu2SnS4/production/task-00237-disp01872/scf.in	5d2a3f83838a1b40c6396a1f6a8dd39b444671cd944b26703ef2e8e830fc973e	72
238	disp01873	/scratch/yuhansun/phono3py-runs/20260914-rb-fire-full-firstpass/Rb2Cu2SnS4/production/task-00238-disp01873/scf.in	99d806fbacd812aa7f1196e0f49f948d918b05ef13db8d811abf57b651a48aa8	72
239	disp01874	/scratch/yuhansun/phono3py-runs/20260914-rb-fire-full-firstpass/Rb2Cu2SnS4/production/task-00239-disp01874/scf.in	37feeb027e5a3d9039f7751c4ea7a8e3950819875bcc2c74869ed8a6341e90f9	72
240	disp01875	/scratch/yuhansun/phono3py-runs/20260914-rb-fire-full-firstpass/Rb2Cu2SnS4/production/task-00240-disp01875/scf.in	87ee206c0f0799269fae0a8d7e83c81007062fac464f5174dc6c0ef8257bd68a	72
241	disp01876	/scratch/yuhansun/phono3py-runs/20260914-rb-fire-full-firstpass/Rb2Cu2SnS4/production/task-00241-disp01876/scf.in	cb9310c7da70aa9abbb2c35dbcacba9ebe1b08f2d443975fcff4b46634449718	72
242	disp01925	/scratch/yuhansun/phono3py-runs/20260914-rb-fire-full-firstpass/Rb2Cu2SnS4/production/task-00242-disp01925/scf.in	105d554c2067a9ba87bb25cfeddda2d14dc034823284631b4011dc3dc22b1807	72
243	disp01926	/scratch/yuhansun/phono3py-runs/20260914-rb-fire-full-firstpass/Rb2Cu2SnS4/production/task-00243-disp01926/scf.in	754abc208a123f195a459d93d8748e2ee3a89a731f0b1b553a5679f47603cebe	72
244	disp01927	/scratch/yuhansun/phono3py-runs/20260914-rb-fire-full-firstpass/Rb2Cu2SnS4/production/task-00244-disp01927/scf.in	5f1844ec3cc236ea78b3815deb567a7d4338ec79592e0c19f6de218ca003846c	72
245	disp01937	/scratch/yuhansun/phono3py-runs/20260914-rb-fire-full-firstpass/Rb2Cu2SnS4/production/task-00245-disp01937/scf.in	6ecdb4d60c82d5459ae94277032952cd382612aacd1d0531ed95db76916f5beb	72
246	disp01938	/scratch/yuhansun/phono3py-runs/20260914-rb-fire-full-firstpass/Rb2Cu2SnS4/production/task-00246-disp01938/scf.in	aaa9af829b1bb757b62b505eb11d7599981a1bdfab94a168d78e25214e1a491e	72
247	disp01939	/scratch/yuhansun/phono3py-runs/20260914-rb-fire-full-firstpass/Rb2Cu2SnS4/production/task-00247-disp01939/scf.in	9efa8d3bee2b96ef120696ef8c1a6eaaaf8c55d8fec4340b1565117b6e5d2865	72
248	disp01940	/scratch/yuhansun/phono3py-runs/20260914-rb-fire-full-firstpass/Rb2Cu2SnS4/production/task-00248-disp01940/scf.in	100c937f5c4b574e22faf2d05d6290c242ce97745f99768c700164446550a613	72
249	disp01941	/scratch/yuhansun/phono3py-runs/20260914-rb-fire-full-firstpass/Rb2Cu2SnS4/production/task-00249-disp01941/scf.in	b4f2311ad3128f99ed9d34258c4fab9d413e1689c9175137ebd6ff9bda104de9	72
250	disp01942	/scratch/yuhansun/phono3py-runs/20260914-rb-fire-full-firstpass/Rb2Cu2SnS4/production/task-00250-disp01942/scf.in	14682e5ce97a3b1acd678bb09acbfaabb33bf4e9b2d45107d2aa881f41a05059	72
251	disp01961	/scratch/yuhansun/phono3py-runs/20260914-rb-fire-full-firstpass/Rb2Cu2SnS4/production/task-00251-disp01961/scf.in	6ec2840469e4f4c8c67da37eb3e0925a89ab396218a0ae9b772c203b1abee842	72
252	disp01962	/scratch/yuhansun/phono3py-runs/20260914-rb-fire-full-firstpass/Rb2Cu2SnS4/production/task-00252-disp01962/scf.in	da685dd69b5112552572e6a4bcdbd4d073ab34bad0074b28fe14b5d81da478d2	72
253	disp01963	/scratch/yuhansun/phono3py-runs/20260914-rb-fire-full-firstpass/Rb2Cu2SnS4/production/task-00253-disp01963/scf.in	6d602565fa3b5e83fd3f31de5c2dd67bdce5f8208acd7d9b5dd1b804ff220668	72
254	disp01964	/scratch/yuhansun/phono3py-runs/20260914-rb-fire-full-firstpass/Rb2Cu2SnS4/production/task-00254-disp01964/scf.in	2160d946f1fdc2960f9440bddd4597d801e71c8346963743613fc2573667ab8e	72
255	disp01965	/scratch/yuhansun/phono3py-runs/20260914-rb-fire-full-firstpass/Rb2Cu2SnS4/production/task-00255-disp01965/scf.in	6dbaa3310d41e0680c7aa1e78a61cb7287db49694f8abd49af336270b66b6b7c	72
256	disp01966	/scratch/yuhansun/phono3py-runs/20260914-rb-fire-full-firstpass/Rb2Cu2SnS4/production/task-00256-disp01966/scf.in	8af45c47a5fcdf0b0338c5f95ab28e3e6ffb8b1f44c2ff52fec2d95e3fd6b13e	72
257	disp02075	/scratch/yuhansun/phono3py-runs/20260914-rb-fire-full-firstpass/Rb2Cu2SnS4/production/task-00257-disp02075/scf.in	d8811b7dfaf82612cf5ad68651755d6a955c1a19ce22f2d53bd83f7925f0ae20	72
258	disp02076	/scratch/yuhansun/phono3py-runs/20260914-rb-fire-full-firstpass/Rb2Cu2SnS4/production/task-00258-disp02076/scf.in	31c3322dd2179fd4f6589279885fbc48aff0a2db42562a6900c42393a6aad527	72
259	disp02077	/scratch/yuhansun/phono3py-runs/20260914-rb-fire-full-firstpass/Rb2Cu2SnS4/production/task-00259-disp02077/scf.in	46837e36f1f2960f85aba5370ff05a1b317aa036b6c8645f572a084f6da1ddcc	72
260	disp02087	/scratch/yuhansun/phono3py-runs/20260914-rb-fire-full-firstpass/Rb2Cu2SnS4/production/task-00260-disp02087/scf.in	fd3a5f72bba19f742ee50291feeeb724faa6bb112db5880bac0a91b621c51986	72
261	disp02088	/scratch/yuhansun/phono3py-runs/20260914-rb-fire-full-firstpass/Rb2Cu2SnS4/production/task-00261-disp02088/scf.in	86b54468a6843fd2ea7ca28ffc25d6775115cb51b2ce094a584b5929668bb505	72
262	disp02089	/scratch/yuhansun/phono3py-runs/20260914-rb-fire-full-firstpass/Rb2Cu2SnS4/production/task-00262-disp02089/scf.in	7e08462ef3d243bcfaa192b4996adf1b2c2d9049b2d94687536d053f8470844e	72
263	disp02090	/scratch/yuhansun/phono3py-runs/20260914-rb-fire-full-firstpass/Rb2Cu2SnS4/production/task-00263-disp02090/scf.in	b792acc036ee7a762ccf30de49ba4ded114dacaf38a9aefe779f7c1920b91b33	72
264	disp02091	/scratch/yuhansun/phono3py-runs/20260914-rb-fire-full-firstpass/Rb2Cu2SnS4/production/task-00264-disp02091/scf.in	2a4e87e4830a78e461584774be3ba362fb1aaea2c33d51f218c779523bf1b6d8	72
265	disp02092	/scratch/yuhansun/phono3py-runs/20260914-rb-fire-full-firstpass/Rb2Cu2SnS4/production/task-00265-disp02092/scf.in	b468ff7823db3d4cd2190a81ab4a2610aa1b9e980e3311584a681c5b7714d8f9	72
266	disp02141	/scratch/yuhansun/phono3py-runs/20260914-rb-fire-full-firstpass/Rb2Cu2SnS4/production/task-00266-disp02141/scf.in	a7b22e547a59c743361e263115ed4d471eacc37d286bc48d44ac89469c02a0e6	72
267	disp02142	/scratch/yuhansun/phono3py-runs/20260914-rb-fire-full-firstpass/Rb2Cu2SnS4/production/task-00267-disp02142/scf.in	7d942d87b0d1da6d318d2f72c358b440db16d064eff291f047285ab0d19ebdc6	72
268	disp02143	/scratch/yuhansun/phono3py-runs/20260914-rb-fire-full-firstpass/Rb2Cu2SnS4/production/task-00268-disp02143/scf.in	03b0579626a27cd93b77e08da43a6e445e658a0370eab2ff84d865e27c91c83a	72
269	disp02153	/scratch/yuhansun/phono3py-runs/20260914-rb-fire-full-firstpass/Rb2Cu2SnS4/production/task-00269-disp02153/scf.in	b0a920ce1b87066a4a2e71149fa8009c05816110ff2c5d63873c3c142c2e4e32	72
270	disp02154	/scratch/yuhansun/phono3py-runs/20260914-rb-fire-full-firstpass/Rb2Cu2SnS4/production/task-00270-disp02154/scf.in	230d38a96c61b7e4c54ff97c4f4e17b63ef1690c090240dddcd8825f592e2977	72
271	disp02155	/scratch/yuhansun/phono3py-runs/20260914-rb-fire-full-firstpass/Rb2Cu2SnS4/production/task-00271-disp02155/scf.in	9947690b6ebde6fa7a9048336f58f35790ff34070bae89a93ed3d6a0829c344d	72
272	disp02156	/scratch/yuhansun/phono3py-runs/20260914-rb-fire-full-firstpass/Rb2Cu2SnS4/production/task-00272-disp02156/scf.in	a8ae6ef121d7bac2b6126698ff87811b10ed5d095e8c5bde330c68de57a496d1	72
273	disp02157	/scratch/yuhansun/phono3py-runs/20260914-rb-fire-full-firstpass/Rb2Cu2SnS4/production/task-00273-disp02157/scf.in	0f067df4f94d782ad154160b3a1dd2f42d1d51acd22f187906ad36ae97d74f2e	72
274	disp02158	/scratch/yuhansun/phono3py-runs/20260914-rb-fire-full-firstpass/Rb2Cu2SnS4/production/task-00274-disp02158/scf.in	2edb8bc7e23989a0e883aca1360f0f66cc0d5bb82f062ff9aac3ce9bd660168f	72
275	disp02177	/scratch/yuhansun/phono3py-runs/20260914-rb-fire-full-firstpass/Rb2Cu2SnS4/production/task-00275-disp02177/scf.in	9fdb19eada3c3259d80c450dcc2d6769d27e621d7217930fafae20364e2dc5a3	72
276	disp02178	/scratch/yuhansun/phono3py-runs/20260914-rb-fire-full-firstpass/Rb2Cu2SnS4/production/task-00276-disp02178/scf.in	72d87a0196672b4af55d4d90b76cc1e4332758e55520480f82ad8819159b79e7	72
277	disp02179	/scratch/yuhansun/phono3py-runs/20260914-rb-fire-full-firstpass/Rb2Cu2SnS4/production/task-00277-disp02179/scf.in	3bd985b83fad457896ad8e2c8cf0ba47347cf63120b13d72df32574f235d6fab	72
278	disp02180	/scratch/yuhansun/phono3py-runs/20260914-rb-fire-full-firstpass/Rb2Cu2SnS4/production/task-00278-disp02180/scf.in	3d6883e9ff6d6a186888dfe6d8677ed8d950e09babf49255f7dd85e5be5e6cbc	72
279	disp02181	/scratch/yuhansun/phono3py-runs/20260914-rb-fire-full-firstpass/Rb2Cu2SnS4/production/task-00279-disp02181/scf.in	4e9116bbd5e7999c248f608282a8be8beac7c4d94a3dbe1e43eb3eae039518a9	72
280	disp02182	/scratch/yuhansun/phono3py-runs/20260914-rb-fire-full-firstpass/Rb2Cu2SnS4/production/task-00280-disp02182/scf.in	db3b9cf1600b3d72593515a23256ed01e6f11b517e73dd48d1958f4ed8b84443	72
281	disp02339	/scratch/yuhansun/phono3py-runs/20260914-rb-fire-full-firstpass/Rb2Cu2SnS4/production/task-00281-disp02339/scf.in	40407dbf20a28fad6d990743611f6991c46ee613d6a5597736290f1bd0772e26	72
282	disp02340	/scratch/yuhansun/phono3py-runs/20260914-rb-fire-full-firstpass/Rb2Cu2SnS4/production/task-00282-disp02340/scf.in	974a7544e981c2189349e467a9c9c1fe7befb93a4cb843970ca0f1d8a1898579	72
283	disp02341	/scratch/yuhansun/phono3py-runs/20260914-rb-fire-full-firstpass/Rb2Cu2SnS4/production/task-00283-disp02341/scf.in	09af7b8ebee3745b8afcadd4eecbc253aeb52722aa7f40abc4597ea887a72833	72
284	disp02342	/scratch/yuhansun/phono3py-runs/20260914-rb-fire-full-firstpass/Rb2Cu2SnS4/production/task-00284-disp02342/scf.in	b699d9e6e191fb16b26b5f2eed0f3e1f3ed379e9296a7a03f6805253842161c8	72
285	disp02343	/scratch/yuhansun/phono3py-runs/20260914-rb-fire-full-firstpass/Rb2Cu2SnS4/production/task-00285-disp02343/scf.in	082c581b449dedf9e0f0cfc7e7ae451455c96d51b25d1710de2711323cf6adb8	72
286	disp02344	/scratch/yuhansun/phono3py-runs/20260914-rb-fire-full-firstpass/Rb2Cu2SnS4/production/task-00286-disp02344/scf.in	85f18d25c4e3f21fe2f88df13dfe15353f82b40086f47b555cd4a55b1ef9f3e6	72
287	disp02363	/scratch/yuhansun/phono3py-runs/20260914-rb-fire-full-firstpass/Rb2Cu2SnS4/production/task-00287-disp02363/scf.in	976df2e2e1b8d64ef2faad0f10adf93b8667149fe952a2a94bef967c0db299de	72
288	disp02364	/scratch/yuhansun/phono3py-runs/20260914-rb-fire-full-firstpass/Rb2Cu2SnS4/production/task-00288-disp02364/scf.in	78dba2f47d98f66f13b3df6ee90d9cd500880e147ae4b887956d6d2cacec3dcf	72
289	disp02365	/scratch/yuhansun/phono3py-runs/20260914-rb-fire-full-firstpass/Rb2Cu2SnS4/production/task-00289-disp02365/scf.in	2e3a43f53c9ac01319f263f88e233b44ce1e4b124d1b854a900da0ebf21a9132	72
290	disp02366	/scratch/yuhansun/phono3py-runs/20260914-rb-fire-full-firstpass/Rb2Cu2SnS4/production/task-00290-disp02366/scf.in	ae10c015dbb77934d4b298001aed249076eb9736b43555d66e7d409c6a4f3910	72
291	disp02367	/scratch/yuhansun/phono3py-runs/20260914-rb-fire-full-firstpass/Rb2Cu2SnS4/production/task-00291-disp02367/scf.in	4f0156c393ba65278a304f1bf7d775a1645db3d0918ee18045483838958d19e4	72
292	disp02368	/scratch/yuhansun/phono3py-runs/20260914-rb-fire-full-firstpass/Rb2Cu2SnS4/production/task-00292-disp02368/scf.in	f3cff346358aab8eab5c74a8e5d11016aaff9911c31ce1d1b15ae1214b879eb9	72
293	disp02381	/scratch/yuhansun/phono3py-runs/20260914-rb-fire-full-firstpass/Rb2Cu2SnS4/production/task-00293-disp02381/scf.in	b3d840b96481d04bc38f754bf0c2783d0d5b6a4f02992eafdb19c725f75932dd	72
294	disp02382	/scratch/yuhansun/phono3py-runs/20260914-rb-fire-full-firstpass/Rb2Cu2SnS4/production/task-00294-disp02382/scf.in	6c633a88ed0e87b14e115c3bc55e78d48afe048b99b1d5e19f4ba542f3d40196	72
295	disp02383	/scratch/yuhansun/phono3py-runs/20260914-rb-fire-full-firstpass/Rb2Cu2SnS4/production/task-00295-disp02383/scf.in	af8bfa9c9645b714af1261b47d83395a6cb2cca1066c95c5c0aacc6a13cd0cfd	72
296	disp02384	/scratch/yuhansun/phono3py-runs/20260914-rb-fire-full-firstpass/Rb2Cu2SnS4/production/task-00296-disp02384/scf.in	a6a6060507a1a444e04dfae990caf2e2ef514c7c86a3282d56b7e8cf14680b85	72
297	disp02385	/scratch/yuhansun/phono3py-runs/20260914-rb-fire-full-firstpass/Rb2Cu2SnS4/production/task-00297-disp02385/scf.in	9bd288ac18b99220da1fce40db3850ab527698273f8ecceefcc166af25f37834	72
298	disp02386	/scratch/yuhansun/phono3py-runs/20260914-rb-fire-full-firstpass/Rb2Cu2SnS4/production/task-00298-disp02386/scf.in	fc38b850696829901228b68df82e792ed18ae6860d33f25de4d57b105902326d	72
299	disp02465	/scratch/yuhansun/phono3py-runs/20260914-rb-fire-full-firstpass/Rb2Cu2SnS4/production/task-00299-disp02465/scf.in	7f90599437ca65af69b11bb2ed419d506f00f14a2a1443046202ec61a7575471	72
300	disp02466	/scratch/yuhansun/phono3py-runs/20260914-rb-fire-full-firstpass/Rb2Cu2SnS4/production/task-00300-disp02466/scf.in	cf12751bbd1417c533c4d3c09d97e017a799b47e492aff3165176ff7c597fbd9	72
301	disp02467	/scratch/yuhansun/phono3py-runs/20260914-rb-fire-full-firstpass/Rb2Cu2SnS4/production/task-00301-disp02467/scf.in	e6edd339a826c4addc6ef92bcb23c3866dd0a01a114bfe49c4cab61f2a2cc5c9	72
302	disp02468	/scratch/yuhansun/phono3py-runs/20260914-rb-fire-full-firstpass/Rb2Cu2SnS4/production/task-00302-disp02468/scf.in	aa90df10b02387d88529630075fb0063fbf95a5252dd975e8d909333591eb859	72
303	disp02469	/scratch/yuhansun/phono3py-runs/20260914-rb-fire-full-firstpass/Rb2Cu2SnS4/production/task-00303-disp02469/scf.in	d4bf054502b23611a368e299a2b2901b34898c292f7ff249f20bf8ab3fcb6e77	72
304	disp02470	/scratch/yuhansun/phono3py-runs/20260914-rb-fire-full-firstpass/Rb2Cu2SnS4/production/task-00304-disp02470/scf.in	eb14c3f7cd9db148fdeaa860064debcac4277cd8e7391d3bbf550f92e8305e5f	72
305	disp02489	/scratch/yuhansun/phono3py-runs/20260914-rb-fire-full-firstpass/Rb2Cu2SnS4/production/task-00305-disp02489/scf.in	91f7ef594b70f266d2205293117a5215bd98b74f17bb17bdffce39420f7cefbc	72
306	disp02490	/scratch/yuhansun/phono3py-runs/20260914-rb-fire-full-firstpass/Rb2Cu2SnS4/production/task-00306-disp02490/scf.in	80f1719c898a3cc4fe0458f52415aed523b27c79cb2d5631303dec4278c230e2	72
307	disp02491	/scratch/yuhansun/phono3py-runs/20260914-rb-fire-full-firstpass/Rb2Cu2SnS4/production/task-00307-disp02491/scf.in	db3e7f75a649323d740a7cfbf2ceec472e9dc3c3b7c989de4f8ad65d89803536	72
308	disp02492	/scratch/yuhansun/phono3py-runs/20260914-rb-fire-full-firstpass/Rb2Cu2SnS4/production/task-00308-disp02492/scf.in	8fbd21bfbf9ac6f9fb8d1452cbd06df1c063c77ea6e901bcc3f8e9700244baa4	72
309	disp02493	/scratch/yuhansun/phono3py-runs/20260914-rb-fire-full-firstpass/Rb2Cu2SnS4/production/task-00309-disp02493/scf.in	1a8945aec0db3acd217dc0c2080fc7ef5a72958a4eaaebe932b689ac8eb27317	72
310	disp02494	/scratch/yuhansun/phono3py-runs/20260914-rb-fire-full-firstpass/Rb2Cu2SnS4/production/task-00310-disp02494/scf.in	d7ff288f75699b6c477651c305f723e5b8d17748368b42a04d03ece7931af99c	72
311	disp02513	/scratch/yuhansun/phono3py-runs/20260914-rb-fire-full-firstpass/Rb2Cu2SnS4/production/task-00311-disp02513/scf.in	d0e4e461978c3613495a0f51b5068250c9a504fe2de406e99c32fa12934e3f74	72
312	disp02514	/scratch/yuhansun/phono3py-runs/20260914-rb-fire-full-firstpass/Rb2Cu2SnS4/production/task-00312-disp02514/scf.in	468e3be685fc68776a1d574c20c30080cd12ad190789245e65f104ec2bfd2729	72
313	disp02515	/scratch/yuhansun/phono3py-runs/20260914-rb-fire-full-firstpass/Rb2Cu2SnS4/production/task-00313-disp02515/scf.in	e32f0e691b580e627873475dc1b10e521b4bb2a6fa0c5993eb6a64037e3bbaec	72
314	disp02516	/scratch/yuhansun/phono3py-runs/20260914-rb-fire-full-firstpass/Rb2Cu2SnS4/production/task-00314-disp02516/scf.in	819a95c96d5507fedaa659420e49c807665ca4064533d8654962991f5fc4f33c	72
315	disp02517	/scratch/yuhansun/phono3py-runs/20260914-rb-fire-full-firstpass/Rb2Cu2SnS4/production/task-00315-disp02517/scf.in	0b28be5ee7b7113b70783f0f7dc2242f36826911a581213ad599373cf54b9d95	72
316	disp02518	/scratch/yuhansun/phono3py-runs/20260914-rb-fire-full-firstpass/Rb2Cu2SnS4/production/task-00316-disp02518/scf.in	40e836092ac8116fd3894766a199a6928ae27fed123bbc9c30399d8b3ef92c77	72
317	disp02639	/scratch/yuhansun/phono3py-runs/20260914-rb-fire-full-firstpass/Rb2Cu2SnS4/production/task-00317-disp02639/scf.in	b32f465ce7355ce91c914856c5b4e14dc7eb3f4b386db4ed4d8e11dccc89b8d7	72
318	disp02640	/scratch/yuhansun/phono3py-runs/20260914-rb-fire-full-firstpass/Rb2Cu2SnS4/production/task-00318-disp02640/scf.in	0d890a7d387f4e9c6a5e4ff6d453c4293b360161901cd3e0f456e7abc0da17c6	72
319	disp02641	/scratch/yuhansun/phono3py-runs/20260914-rb-fire-full-firstpass/Rb2Cu2SnS4/production/task-00319-disp02641/scf.in	50bac9beed2489583028abf9d998fd52bd33b3246c93a41ebce53563212949e5	72
320	disp02642	/scratch/yuhansun/phono3py-runs/20260914-rb-fire-full-firstpass/Rb2Cu2SnS4/production/task-00320-disp02642/scf.in	9c38244991dd60aca3464ecc69c2fcfcf9661c76a64ab3f5f4b0172002a74130	72
321	disp02643	/scratch/yuhansun/phono3py-runs/20260914-rb-fire-full-firstpass/Rb2Cu2SnS4/production/task-00321-disp02643/scf.in	dab88c076f1e4dea685d1f6bca75309c7fb745afaace46239d6055c3cc739e03	72
322	disp02644	/scratch/yuhansun/phono3py-runs/20260914-rb-fire-full-firstpass/Rb2Cu2SnS4/production/task-00322-disp02644/scf.in	8feae170edaad2008f38c5f3e3a7243b493329a11829107ef436bba67a225224	72
323	disp02657	/scratch/yuhansun/phono3py-runs/20260914-rb-fire-full-firstpass/Rb2Cu2SnS4/production/task-00323-disp02657/scf.in	636033c01e1b9947de6f723f6a04c740a0a3cc92aaed32fd1365660b3f0ff190	72
324	disp02658	/scratch/yuhansun/phono3py-runs/20260914-rb-fire-full-firstpass/Rb2Cu2SnS4/production/task-00324-disp02658/scf.in	e1a6e6237f8c9ac31ca7caa9e374f5b5508b7765f74e10acd2936a871e09e448	72
325	disp02659	/scratch/yuhansun/phono3py-runs/20260914-rb-fire-full-firstpass/Rb2Cu2SnS4/production/task-00325-disp02659/scf.in	b9ae9c0eb5b7c47d201f0675738120a2636b5147c1df29f5cd00d3bfdccd302d	72
326	disp02660	/scratch/yuhansun/phono3py-runs/20260914-rb-fire-full-firstpass/Rb2Cu2SnS4/production/task-00326-disp02660/scf.in	796b8b882668a779b805b0d8b126a3959bad908ed1cb8171932171a19f9f76a5	72
327	disp02661	/scratch/yuhansun/phono3py-runs/20260914-rb-fire-full-firstpass/Rb2Cu2SnS4/production/task-00327-disp02661/scf.in	e8e3dfc73b6b4c40dc1a994c4b53c0c2b16734fca8218cace31e04287432388d	72
328	disp02662	/scratch/yuhansun/phono3py-runs/20260914-rb-fire-full-firstpass/Rb2Cu2SnS4/production/task-00328-disp02662/scf.in	d3f91d44e2c5a79cc0119fb0da797a19ab6ea30b3a51704db313821e7116dc8b	72
329	disp02753	/scratch/yuhansun/phono3py-runs/20260914-rb-fire-full-firstpass/Rb2Cu2SnS4/production/task-00329-disp02753/scf.in	7637e8b7ff19b5bc489fbb045b5b989526189a372fe051ad0214f568449a3e59	72
330	disp02754	/scratch/yuhansun/phono3py-runs/20260914-rb-fire-full-firstpass/Rb2Cu2SnS4/production/task-00330-disp02754/scf.in	8eb76a0f0976d308419874cdc7f27836791e371091f8a84c7d7918e945a182b9	72
331	disp02755	/scratch/yuhansun/phono3py-runs/20260914-rb-fire-full-firstpass/Rb2Cu2SnS4/production/task-00331-disp02755/scf.in	5f82bb3724fb05bd2c9c41252d6326d3414b8ba92702d87355373da40cac665c	72
332	disp02756	/scratch/yuhansun/phono3py-runs/20260914-rb-fire-full-firstpass/Rb2Cu2SnS4/production/task-00332-disp02756/scf.in	4d59e113ada54b8ec381d182c54bc872754892bd64ac000a70b78b9771e1a53b	72
333	disp02757	/scratch/yuhansun/phono3py-runs/20260914-rb-fire-full-firstpass/Rb2Cu2SnS4/production/task-00333-disp02757/scf.in	04e3a22d01b1f7d573d7479bbf3b9e3c59e4c6a6d5136d9e4bd2e435670daa6b	72
334	disp02758	/scratch/yuhansun/phono3py-runs/20260914-rb-fire-full-firstpass/Rb2Cu2SnS4/production/task-00334-disp02758/scf.in	69afb6a0b2f6e0b463d4067a1f74ab3809cce9284621d84abe38f9d8daca4d3a	72
335	disp02771	/scratch/yuhansun/phono3py-runs/20260914-rb-fire-full-firstpass/Rb2Cu2SnS4/production/task-00335-disp02771/scf.in	5c0eb0aec7c7dd26b26b976c7bc910d445edd313b07ea2ce97120d45b1660ef0	72
336	disp02772	/scratch/yuhansun/phono3py-runs/20260914-rb-fire-full-firstpass/Rb2Cu2SnS4/production/task-00336-disp02772/scf.in	035a27a1071ece15f6decb5bf6e07ade90616c809e4fee3e86ffe2d4186f9ed6	72
337	disp02773	/scratch/yuhansun/phono3py-runs/20260914-rb-fire-full-firstpass/Rb2Cu2SnS4/production/task-00337-disp02773/scf.in	4b7a5c48dc9796549e28289de29ce4e2e2c81d8c96bf99a781efcd84938a3240	72
338	disp02795	/scratch/yuhansun/phono3py-runs/20260914-rb-fire-full-firstpass/Rb2Cu2SnS4/production/task-00338-disp02795/scf.in	a6208bf99caab9c23befc9a2f94a7c3a26d0ea3eafe61fc040112e2ee79b991d	72
339	disp02796	/scratch/yuhansun/phono3py-runs/20260914-rb-fire-full-firstpass/Rb2Cu2SnS4/production/task-00339-disp02796/scf.in	44a35a1eac33220802e0e4b96a7d6d6861d8ffbaa8ecd0a9686b9e21d1205617	72
340	disp02797	/scratch/yuhansun/phono3py-runs/20260914-rb-fire-full-firstpass/Rb2Cu2SnS4/production/task-00340-disp02797/scf.in	fe63369f80faf6a8e3ff18253cdba786848e0eff555000f4d62e18663df3b54e	72
341	disp02798	/scratch/yuhansun/phono3py-runs/20260914-rb-fire-full-firstpass/Rb2Cu2SnS4/production/task-00341-disp02798/scf.in	b94c8eed8871047f18f2893dfad05fe3a38193256dbbe64ac9bb8c8b195068a9	72
342	disp02799	/scratch/yuhansun/phono3py-runs/20260914-rb-fire-full-firstpass/Rb2Cu2SnS4/production/task-00342-disp02799/scf.in	1b0bdb6aacb9bc581afa702cbbd2434ae45e7e0018109698c994b1e8bc0d415f	72
343	disp02800	/scratch/yuhansun/phono3py-runs/20260914-rb-fire-full-firstpass/Rb2Cu2SnS4/production/task-00343-disp02800/scf.in	12dbccf8f91ba3d278bb68a2767c3dcc4f7817f88d3c1a3cca750b6a702aaa8d	72
344	disp02849	/scratch/yuhansun/phono3py-runs/20260914-rb-fire-full-firstpass/Rb2Cu2SnS4/production/task-00344-disp02849/scf.in	a81cc5909b4cf0f0f0b82978fce428d3dd0b376ae553215e05e94bad46747c4e	72
345	disp02850	/scratch/yuhansun/phono3py-runs/20260914-rb-fire-full-firstpass/Rb2Cu2SnS4/production/task-00345-disp02850/scf.in	5034103e8a2f013b29851ecebc48f059657e349215ee9aa20d69780e824ff77c	72
346	disp02851	/scratch/yuhansun/phono3py-runs/20260914-rb-fire-full-firstpass/Rb2Cu2SnS4/production/task-00346-disp02851/scf.in	e2fb72286ba8106869cd3e1574fdd05c5337e4ddf2031235ab7cc953c5153822	72
347	disp02852	/scratch/yuhansun/phono3py-runs/20260914-rb-fire-full-firstpass/Rb2Cu2SnS4/production/task-00347-disp02852/scf.in	27a449b939571d6acb24c81c0cb2485b630832b2c05acaa066f7f598a542274b	72
348	disp02853	/scratch/yuhansun/phono3py-runs/20260914-rb-fire-full-firstpass/Rb2Cu2SnS4/production/task-00348-disp02853/scf.in	25f37e26d252062c447ea377b073ecf95e6aa7d105b34a4cad5f20896a375a33	72
349	disp02854	/scratch/yuhansun/phono3py-runs/20260914-rb-fire-full-firstpass/Rb2Cu2SnS4/production/task-00349-disp02854/scf.in	2f12d54b5673261730b9e1e24cc52f0d5c5123ead039f45f3fbfbd24c63ffbee	72
350	disp02957	/scratch/yuhansun/phono3py-runs/20260914-rb-fire-full-firstpass/Rb2Cu2SnS4/production/task-00350-disp02957/scf.in	1f62d9732003c7f78815f705a175f5ab6dcd579fb549e3ec6498b92ef692e31d	72
351	disp02958	/scratch/yuhansun/phono3py-runs/20260914-rb-fire-full-firstpass/Rb2Cu2SnS4/production/task-00351-disp02958/scf.in	09832d484842da46d82a4be5ae05bcd1d39ba4be2c8b673aac8eefc4a586e70c	72
352	disp02959	/scratch/yuhansun/phono3py-runs/20260914-rb-fire-full-firstpass/Rb2Cu2SnS4/production/task-00352-disp02959/scf.in	6f7321466f5a56aa3afc836db409e94fd49a0d952bf8c16bccc59fd3c969ce9e	72
353	disp02975	/scratch/yuhansun/phono3py-runs/20260914-rb-fire-full-firstpass/Rb2Cu2SnS4/production/task-00353-disp02975/scf.in	bb1d04bbc2744857e358b2eca906d464d417bbdff0245261ac29026866a421f6	72
354	disp02976	/scratch/yuhansun/phono3py-runs/20260914-rb-fire-full-firstpass/Rb2Cu2SnS4/production/task-00354-disp02976/scf.in	ea20ff95660226879d679da1f52e3d87a299c63f525b31a1d1b1af3b5e1e3515	72
355	disp02977	/scratch/yuhansun/phono3py-runs/20260914-rb-fire-full-firstpass/Rb2Cu2SnS4/production/task-00355-disp02977/scf.in	a4b39960401b683375d373c3ab8ab9fe9f07c9d7cb2aa5d7bae0da3d88a8937c	72
356	disp02987	/scratch/yuhansun/phono3py-runs/20260914-rb-fire-full-firstpass/Rb2Cu2SnS4/production/task-00356-disp02987/scf.in	e0377660984273a930df35c5d0bfa0d201445edeb93334754caa217897ffaa34	72
357	disp02988	/scratch/yuhansun/phono3py-runs/20260914-rb-fire-full-firstpass/Rb2Cu2SnS4/production/task-00357-disp02988/scf.in	a79af40ce9095be370b8c63e294d3f9b630e88cf164165078b3bef8b2ab5fb09	72
358	disp02989	/scratch/yuhansun/phono3py-runs/20260914-rb-fire-full-firstpass/Rb2Cu2SnS4/production/task-00358-disp02989/scf.in	256bc59660c60b01e2209eb0044976eeec5a43586e1f27bd3fd8ef11427cf0b2	72
359	disp03011	/scratch/yuhansun/phono3py-runs/20260914-rb-fire-full-firstpass/Rb2Cu2SnS4/production/task-00359-disp03011/scf.in	284e3d91199d0093cf6365b43e95d19b9c06c1ad51a942c034324fdc46b57e3d	72
360	disp03012	/scratch/yuhansun/phono3py-runs/20260914-rb-fire-full-firstpass/Rb2Cu2SnS4/production/task-00360-disp03012/scf.in	09a000122966479399392b96839f3236a8a9464c6801d378f8f709fe79bcbfe7	72
361	disp03013	/scratch/yuhansun/phono3py-runs/20260914-rb-fire-full-firstpass/Rb2Cu2SnS4/production/task-00361-disp03013/scf.in	016d7da858ce81bc51f4aced2a31a374989fbfb621a499aedd4c482ddf687cd2	72
362	disp03014	/scratch/yuhansun/phono3py-runs/20260914-rb-fire-full-firstpass/Rb2Cu2SnS4/production/task-00362-disp03014/scf.in	775f792708505db6267da7389909c25fdef9a1c0e8b8ac44bcccd1eed62a68aa	72
363	disp03015	/scratch/yuhansun/phono3py-runs/20260914-rb-fire-full-firstpass/Rb2Cu2SnS4/production/task-00363-disp03015/scf.in	6878c27730e9601d6a9f4b0940221f8d1edf02c70f4366bc304ad71cf9a9578a	72
364	disp03016	/scratch/yuhansun/phono3py-runs/20260914-rb-fire-full-firstpass/Rb2Cu2SnS4/production/task-00364-disp03016/scf.in	de3eb31717764c31cdce5799b4ff84903f2b940dccaf51a2e2013cff859a9893	72
365	disp03065	/scratch/yuhansun/phono3py-runs/20260914-rb-fire-full-firstpass/Rb2Cu2SnS4/production/task-00365-disp03065/scf.in	105cbd79ae1a4066bfaaaf128fad7d174196066df7502310b7dd749185540c4e	72
366	disp03066	/scratch/yuhansun/phono3py-runs/20260914-rb-fire-full-firstpass/Rb2Cu2SnS4/production/task-00366-disp03066/scf.in	9b0335cf1014563bc381d056bf651c7cd922abdcc3b340a52486ddf09abb9e35	72
367	disp03067	/scratch/yuhansun/phono3py-runs/20260914-rb-fire-full-firstpass/Rb2Cu2SnS4/production/task-00367-disp03067/scf.in	cb59faefcf56043410421d7c3f0e7f7348b45528b24cb2e01a01852399cef6e2	72
368	disp03068	/scratch/yuhansun/phono3py-runs/20260914-rb-fire-full-firstpass/Rb2Cu2SnS4/production/task-00368-disp03068/scf.in	0ceab36e248e51dba5f1ff795bb1215fb8099518412e6aa2e26731ada74f6b93	72
369	disp03069	/scratch/yuhansun/phono3py-runs/20260914-rb-fire-full-firstpass/Rb2Cu2SnS4/production/task-00369-disp03069/scf.in	2dfe7907ef60d6ddd21ca141efc3bcc5d74e0d1ebb0dd31427d5de853ba282d5	72
370	disp03070	/scratch/yuhansun/phono3py-runs/20260914-rb-fire-full-firstpass/Rb2Cu2SnS4/production/task-00370-disp03070/scf.in	b5a5acb61d57d8d79c8be08c9c53db2509db15e9095621a95ea2848510037759	72
371	disp03185	/scratch/yuhansun/phono3py-runs/20260914-rb-fire-full-firstpass/Rb2Cu2SnS4/production/task-00371-disp03185/scf.in	e67acca89c60bef152052e43013b67d0a5e7891635ef77d1ef47836f6a782ae5	72
372	disp03186	/scratch/yuhansun/phono3py-runs/20260914-rb-fire-full-firstpass/Rb2Cu2SnS4/production/task-00372-disp03186/scf.in	47056593dba60d33c77ca3fc1c8358635cf4b17d1c06d40e88220ef2ec30adbd	72
373	disp03187	/scratch/yuhansun/phono3py-runs/20260914-rb-fire-full-firstpass/Rb2Cu2SnS4/production/task-00373-disp03187/scf.in	b1906a43addb3885245477628de5244358301faf4a94278d9a9b9b0faf20746f	72
374	disp03188	/scratch/yuhansun/phono3py-runs/20260914-rb-fire-full-firstpass/Rb2Cu2SnS4/production/task-00374-disp03188/scf.in	25b64071e27c62b271bfd52c68f18e2bcc17f68b359b894e094f857a332ecc7c	72
375	disp03189	/scratch/yuhansun/phono3py-runs/20260914-rb-fire-full-firstpass/Rb2Cu2SnS4/production/task-00375-disp03189/scf.in	b1cbe84ecbfbfb372b3a0d95e6343d7139869980c7b97b6982b4367516a67b60	72
376	disp03190	/scratch/yuhansun/phono3py-runs/20260914-rb-fire-full-firstpass/Rb2Cu2SnS4/production/task-00376-disp03190/scf.in	09f4133b93376be614e7d34f085665055bad9279475dac71b1f96b32bd5dd0be	72
377	disp03203	/scratch/yuhansun/phono3py-runs/20260914-rb-fire-full-firstpass/Rb2Cu2SnS4/production/task-00377-disp03203/scf.in	10fcdc07484d40a1d58c71a6e660017a369b9d9b6a200e0c2d379215b12abd12	72
378	disp03204	/scratch/yuhansun/phono3py-runs/20260914-rb-fire-full-firstpass/Rb2Cu2SnS4/production/task-00378-disp03204/scf.in	762bdf62b746305c70d57e54dd8423a5b81859ade4437dfbc52a25a130d24454	72
379	disp03205	/scratch/yuhansun/phono3py-runs/20260914-rb-fire-full-firstpass/Rb2Cu2SnS4/production/task-00379-disp03205/scf.in	a7fa026d643633c2b3797b7ae9971b20f03c27638d493928732988d94be0a092	72
380	disp03227	/scratch/yuhansun/phono3py-runs/20260914-rb-fire-full-firstpass/Rb2Cu2SnS4/production/task-00380-disp03227/scf.in	670134501f40eb98cd17ec639d5217ce5e16c3ba82413302b029bd4e28c142fa	72
381	disp03228	/scratch/yuhansun/phono3py-runs/20260914-rb-fire-full-firstpass/Rb2Cu2SnS4/production/task-00381-disp03228/scf.in	e3049b3dcb9ac0737729b907102ef9c5df8c33559c0a588d6a6d6a026793d2fc	72
382	disp03229	/scratch/yuhansun/phono3py-runs/20260914-rb-fire-full-firstpass/Rb2Cu2SnS4/production/task-00382-disp03229/scf.in	5c82c7b07d2b95f8c1eddf35a9904ff0becaa33017611861ad330be5eb767c5a	72
383	disp03230	/scratch/yuhansun/phono3py-runs/20260914-rb-fire-full-firstpass/Rb2Cu2SnS4/production/task-00383-disp03230/scf.in	7e8113c5f5b31173289f2788224296a6da17c00ae6c4466ab9c6664649e26d23	72
384	disp03231	/scratch/yuhansun/phono3py-runs/20260914-rb-fire-full-firstpass/Rb2Cu2SnS4/production/task-00384-disp03231/scf.in	1a76249bcb34d839092258c9ee68be86e761e4ac1dc6de58c87c579c3ffb13cd	72
385	disp03232	/scratch/yuhansun/phono3py-runs/20260914-rb-fire-full-firstpass/Rb2Cu2SnS4/production/task-00385-disp03232/scf.in	b8f3f3188b11aeb6e9121e66543639b657d5bdf8ff418bee79c7a75397b0201b	72
386	disp03275	/scratch/yuhansun/phono3py-runs/20260914-rb-fire-full-firstpass/Rb2Cu2SnS4/production/task-00386-disp03275/scf.in	2be560bb4c56e790b6f1665d713deef5594d4fc213930974cd4186ed8dcb8346	72
387	disp03276	/scratch/yuhansun/phono3py-runs/20260914-rb-fire-full-firstpass/Rb2Cu2SnS4/production/task-00387-disp03276/scf.in	f632f33bb5611607850fb66a0b05a2de283c49d1f0e3103ecc467d31bb8692da	72
388	disp03277	/scratch/yuhansun/phono3py-runs/20260914-rb-fire-full-firstpass/Rb2Cu2SnS4/production/task-00388-disp03277/scf.in	5d4090889f753d8c0cec0c17319f3c32777e362d6952736101d4d60aeabf2e4f	72
389	disp03278	/scratch/yuhansun/phono3py-runs/20260914-rb-fire-full-firstpass/Rb2Cu2SnS4/production/task-00389-disp03278/scf.in	05ea4cb377c412996c344c4fda95fe40b7561b8aca168e542e92e15237cf4a8b	72
390	disp03279	/scratch/yuhansun/phono3py-runs/20260914-rb-fire-full-firstpass/Rb2Cu2SnS4/production/task-00390-disp03279/scf.in	86d386afa4be810d61296ae5908d4bc3693de0fa5e4525d68ded9b02cff2e5b1	72
391	disp03280	/scratch/yuhansun/phono3py-runs/20260914-rb-fire-full-firstpass/Rb2Cu2SnS4/production/task-00391-disp03280/scf.in	647a50acc8bec92f7838c98560ced028f200fbc710957acbb3bf16c30046ce65	72
392	disp03323	/scratch/yuhansun/phono3py-runs/20260914-rb-fire-full-firstpass/Rb2Cu2SnS4/production/task-00392-disp03323/scf.in	56cea2f3132fc5710fd6b2fdb908863baad8f918a51b6ddbeadd4a01c9a41b69	72
393	disp03324	/scratch/yuhansun/phono3py-runs/20260914-rb-fire-full-firstpass/Rb2Cu2SnS4/production/task-00393-disp03324/scf.in	49fe2d06331c1c8c96dbaaa6a9867ce5612dcc739a5026588897b3c6907931b3	72
394	disp03325	/scratch/yuhansun/phono3py-runs/20260914-rb-fire-full-firstpass/Rb2Cu2SnS4/production/task-00394-disp03325/scf.in	fa36970efa444cfe1013819ccfa6626c0a02aedc597c9ee6da4924e3735228a0	72
395	disp03326	/scratch/yuhansun/phono3py-runs/20260914-rb-fire-full-firstpass/Rb2Cu2SnS4/production/task-00395-disp03326/scf.in	d8c06e00de5b990aa60507cea1dd4408e1fd92b8f24fbaa1d8398e3afb052119	72
396	disp03327	/scratch/yuhansun/phono3py-runs/20260914-rb-fire-full-firstpass/Rb2Cu2SnS4/production/task-00396-disp03327/scf.in	33968a2302446620580189d79c2aff87c7ac3873ae9958bf2ce4313b232ef4e5	72
397	disp03328	/scratch/yuhansun/phono3py-runs/20260914-rb-fire-full-firstpass/Rb2Cu2SnS4/production/task-00397-disp03328/scf.in	343e1cd0e8930015b84e624e42504f2240cd3bc50b4155fe638d7b6dc0ed74ad	72
398	disp03353	/scratch/yuhansun/phono3py-runs/20260914-rb-fire-full-firstpass/Rb2Cu2SnS4/production/task-00398-disp03353/scf.in	054714f7ff3ea28ec151e3c5a6bf6677fa3693c951474e5010f986d527ded97d	72
399	disp03354	/scratch/yuhansun/phono3py-runs/20260914-rb-fire-full-firstpass/Rb2Cu2SnS4/production/task-00399-disp03354/scf.in	a7c0e4db0810d357ef85bcdfdca9a3065bb9df592383ec794f4ee3885de2a547	72
400	disp03355	/scratch/yuhansun/phono3py-runs/20260914-rb-fire-full-firstpass/Rb2Cu2SnS4/production/task-00400-disp03355/scf.in	ca55b844bd57e71a1a4a2e37a7180ff154c79563bde061f36fbd88248499d2de	72
401	disp03356	/scratch/yuhansun/phono3py-runs/20260914-rb-fire-full-firstpass/Rb2Cu2SnS4/production/task-00401-disp03356/scf.in	8e37a15e9e122d70f01c70cc2e165d309dccc177d05358a650fe41cd3d7fa699	72
402	disp03357	/scratch/yuhansun/phono3py-runs/20260914-rb-fire-full-firstpass/Rb2Cu2SnS4/production/task-00402-disp03357/scf.in	7631a882090081e210fcec5b767fa8510b21c0be9b0ac64450938e5c7678c4a3	72
403	disp03358	/scratch/yuhansun/phono3py-runs/20260914-rb-fire-full-firstpass/Rb2Cu2SnS4/production/task-00403-disp03358/scf.in	172209be20948a9b817a490107a84fd59fa0ee77ea7c698a02a75c78d721e6ca	72
404	disp03359	/scratch/yuhansun/phono3py-runs/20260914-rb-fire-full-firstpass/Rb2Cu2SnS4/production/task-00404-disp03359/scf.in	884d948c6f6b08e22bdae227861fc3518b5b848f9ba06a1f3b506242b5def0f6	72
405	disp03360	/scratch/yuhansun/phono3py-runs/20260914-rb-fire-full-firstpass/Rb2Cu2SnS4/production/task-00405-disp03360/scf.in	d2f11d94d4a4e25d45561502e991a72e54ec6448a5455e9a01bbb19f885fbf03	72
406	disp03361	/scratch/yuhansun/phono3py-runs/20260914-rb-fire-full-firstpass/Rb2Cu2SnS4/production/task-00406-disp03361/scf.in	a09bdad2517be44f2d54cba7692cc524ab1680e6389a2b42628d9c76275f0b6e	72
407	disp03362	/scratch/yuhansun/phono3py-runs/20260914-rb-fire-full-firstpass/Rb2Cu2SnS4/production/task-00407-disp03362/scf.in	986dea4564fa2f2b05c9e51b6918c633537c5a4bb7e38c88fbdc2f2b650df692	72
408	disp03363	/scratch/yuhansun/phono3py-runs/20260914-rb-fire-full-firstpass/Rb2Cu2SnS4/production/task-00408-disp03363/scf.in	f57df734e5903cb29cac60a5bb93b46e6ff8d336edca58aa369e4663c5762f4a	72
409	disp03364	/scratch/yuhansun/phono3py-runs/20260914-rb-fire-full-firstpass/Rb2Cu2SnS4/production/task-00409-disp03364/scf.in	f92ab98e1dd2cf85384c084e2266511e461cafc39e17a53974dc7aa9302d5b61	72
410	disp03407	/scratch/yuhansun/phono3py-runs/20260914-rb-fire-full-firstpass/Rb2Cu2SnS4/production/task-00410-disp03407/scf.in	46eea7de81c37ba52d179700c45a793e9e98d8363c27bb707fd05a4f590cb9f5	72
411	disp03408	/scratch/yuhansun/phono3py-runs/20260914-rb-fire-full-firstpass/Rb2Cu2SnS4/production/task-00411-disp03408/scf.in	f8a4806533f12e3ed8cf70f9439605c4c5081ad26b7259ad9b481203f6892a42	72
412	disp03409	/scratch/yuhansun/phono3py-runs/20260914-rb-fire-full-firstpass/Rb2Cu2SnS4/production/task-00412-disp03409/scf.in	75f1926712edcbd93e6ca1bab8548c102def0853bbc14f017da2323e9d5479c9	72
413	disp03410	/scratch/yuhansun/phono3py-runs/20260914-rb-fire-full-firstpass/Rb2Cu2SnS4/production/task-00413-disp03410/scf.in	dfdcd8829d0e09fa9d85fb0fb287bcc0914958cf02ee79c25a2fd52564219b25	72
414	disp03411	/scratch/yuhansun/phono3py-runs/20260914-rb-fire-full-firstpass/Rb2Cu2SnS4/production/task-00414-disp03411/scf.in	fc81f97df3c1524718e8ee4f7332cd5008be89c513825869b80c31d95d457f78	72
415	disp03412	/scratch/yuhansun/phono3py-runs/20260914-rb-fire-full-firstpass/Rb2Cu2SnS4/production/task-00415-disp03412/scf.in	4e00dead5cdfa35a8ad799f66c6dde2332e6ac0a0f5bb49fad947eecb6457821	72
416	disp03431	/scratch/yuhansun/phono3py-runs/20260914-rb-fire-full-firstpass/Rb2Cu2SnS4/production/task-00416-disp03431/scf.in	f3b26e046b97803e77ca056646523ae72f30f92c1663554201ea1ed23c4d8db1	72
417	disp03432	/scratch/yuhansun/phono3py-runs/20260914-rb-fire-full-firstpass/Rb2Cu2SnS4/production/task-00417-disp03432/scf.in	72737bb8c52825f4f60a069f8bba28f0f5f66a47806a9965ba9e674e9b06fcd9	72
418	disp03433	/scratch/yuhansun/phono3py-runs/20260914-rb-fire-full-firstpass/Rb2Cu2SnS4/production/task-00418-disp03433/scf.in	d19ef4d2f9e83fe617f71f3c7a7f672f76f15297274b3c84468aa3acf7a2422e	72
419	disp03434	/scratch/yuhansun/phono3py-runs/20260914-rb-fire-full-firstpass/Rb2Cu2SnS4/production/task-00419-disp03434/scf.in	112dc9c739871b2b8e46a953274e8b9c7f55eb6d10565e4a3df57d437fc1ba6c	72
420	disp03435	/scratch/yuhansun/phono3py-runs/20260914-rb-fire-full-firstpass/Rb2Cu2SnS4/production/task-00420-disp03435/scf.in	838282ae24c978fd9d4365e8bb6e66c000d43d582ac52b578ce7d731d3e4c49c	72
421	disp03436	/scratch/yuhansun/phono3py-runs/20260914-rb-fire-full-firstpass/Rb2Cu2SnS4/production/task-00421-disp03436/scf.in	98219c2e475204073fb797015c35dc10bb81a2525361f76abdae93848f3f98ce	72
422	disp03449	/scratch/yuhansun/phono3py-runs/20260914-rb-fire-full-firstpass/Rb2Cu2SnS4/production/task-00422-disp03449/scf.in	414355ad14ec39f6d643e72d9e4757bb16a752f1694f7c76db2059cd5b0bba9a	72
423	disp03450	/scratch/yuhansun/phono3py-runs/20260914-rb-fire-full-firstpass/Rb2Cu2SnS4/production/task-00423-disp03450/scf.in	b31355b252db72b4644985ae24085d9cc663ee980660c6df4e0aca71b58d9ba5	72
424	disp03451	/scratch/yuhansun/phono3py-runs/20260914-rb-fire-full-firstpass/Rb2Cu2SnS4/production/task-00424-disp03451/scf.in	ad95b3582f4037642c70b12e222b0b68bffeb084c1e58cf8f0f75bba13ab23de	72
425	disp03452	/scratch/yuhansun/phono3py-runs/20260914-rb-fire-full-firstpass/Rb2Cu2SnS4/production/task-00425-disp03452/scf.in	2ccb0f5bf50ec2463e3e740cbeac11c2b838b41d7f4f91a4dc757d2012d89c13	72
426	disp03453	/scratch/yuhansun/phono3py-runs/20260914-rb-fire-full-firstpass/Rb2Cu2SnS4/production/task-00426-disp03453/scf.in	145312711cea564b1271b60ccb12b4d391f8b662f32224cb802ddc43d9b0f23b	72
427	disp03454	/scratch/yuhansun/phono3py-runs/20260914-rb-fire-full-firstpass/Rb2Cu2SnS4/production/task-00427-disp03454/scf.in	0490cce7d94363e8d5ed9d930d030b1103414a45fcdb2a5f4dcd432b8f112361	72
428	disp03515	/scratch/yuhansun/phono3py-runs/20260914-rb-fire-full-firstpass/Rb2Cu2SnS4/production/task-00428-disp03515/scf.in	ef15e4d3bbe739de283cd92e05a218181e7a5743b922e9dacde0af9711c42a7d	72
429	disp03516	/scratch/yuhansun/phono3py-runs/20260914-rb-fire-full-firstpass/Rb2Cu2SnS4/production/task-00429-disp03516/scf.in	4d6cc0aabd239ba90b44d28f5dcd603bdf91883575ebfa79216ad8a2eee675c5	72
430	disp03517	/scratch/yuhansun/phono3py-runs/20260914-rb-fire-full-firstpass/Rb2Cu2SnS4/production/task-00430-disp03517/scf.in	7340246a8282e540736c30941ff98343e1f340ccae1e165719b98dbfad516b38	72
431	disp03518	/scratch/yuhansun/phono3py-runs/20260914-rb-fire-full-firstpass/Rb2Cu2SnS4/production/task-00431-disp03518/scf.in	8b763b0d076526012f94fb61bc923f88096f5c76c4d91aba7162d558c5949361	72
432	disp03519	/scratch/yuhansun/phono3py-runs/20260914-rb-fire-full-firstpass/Rb2Cu2SnS4/production/task-00432-disp03519/scf.in	fec81893d495b2575f09bf75153cd12597861689b6ef81dd2e44833b6d2a1cd5	72
433	disp03520	/scratch/yuhansun/phono3py-runs/20260914-rb-fire-full-firstpass/Rb2Cu2SnS4/production/task-00433-disp03520/scf.in	8f996a2362938448ae9039e4e5d6edbf6f9d0b65dc5b7cc247a6795d454ea72d	72
434	disp03563	/scratch/yuhansun/phono3py-runs/20260914-rb-fire-full-firstpass/Rb2Cu2SnS4/production/task-00434-disp03563/scf.in	142a1d4dd9bbdaab0cd84b09af52b21373a63650c626656914594e8d9372269c	72
435	disp03564	/scratch/yuhansun/phono3py-runs/20260914-rb-fire-full-firstpass/Rb2Cu2SnS4/production/task-00435-disp03564/scf.in	b3218aeeac1b9c94701aeeb2e01e268b555ee2650b6e86e7ef3381e594e391c8	72
436	disp03565	/scratch/yuhansun/phono3py-runs/20260914-rb-fire-full-firstpass/Rb2Cu2SnS4/production/task-00436-disp03565/scf.in	8dd8e8f03c9544131cbdeb0e89241cb3144b899e48bd7cd4aaf3fa96235cb485	72
437	disp03566	/scratch/yuhansun/phono3py-runs/20260914-rb-fire-full-firstpass/Rb2Cu2SnS4/production/task-00437-disp03566/scf.in	8a9633cf837d2397f485fca9be2b58aee88d84ad3dc47a2da45c5440ec9685c8	72
438	disp03567	/scratch/yuhansun/phono3py-runs/20260914-rb-fire-full-firstpass/Rb2Cu2SnS4/production/task-00438-disp03567/scf.in	f41dce0a60df7979deee27423f4d8ff2c118e91a211f0142af5aa601940403cf	72
439	disp03568	/scratch/yuhansun/phono3py-runs/20260914-rb-fire-full-firstpass/Rb2Cu2SnS4/production/task-00439-disp03568/scf.in	ec762a4fa5c711319db3fddf7bd4a8f6ee8f85df45a4611b1c839341205995be	72
440	disp03755	/scratch/yuhansun/phono3py-runs/20260914-rb-fire-full-firstpass/Rb2Cu2SnS4/production/task-00440-disp03755/scf.in	dc8743586246827e83cc9bc76073b42aa33423880d0c28f7a8763d2aad2488e6	72
441	disp03756	/scratch/yuhansun/phono3py-runs/20260914-rb-fire-full-firstpass/Rb2Cu2SnS4/production/task-00441-disp03756/scf.in	4d58cc1d6fab6f0893797ac0d59c26386c52e782b646e53bf2f5852e06319106	72
442	disp03757	/scratch/yuhansun/phono3py-runs/20260914-rb-fire-full-firstpass/Rb2Cu2SnS4/production/task-00442-disp03757/scf.in	3dbbbac7f515cd84006a5fdae1990a886e249e31e7944474f370c018bd2e841c	72
443	disp03758	/scratch/yuhansun/phono3py-runs/20260914-rb-fire-full-firstpass/Rb2Cu2SnS4/production/task-00443-disp03758/scf.in	0030ad66ac695c9de1456e918a332ed7823d0d3a67f4e15126e65cfec2d5d5e9	72
444	disp03759	/scratch/yuhansun/phono3py-runs/20260914-rb-fire-full-firstpass/Rb2Cu2SnS4/production/task-00444-disp03759/scf.in	c1ae7f82e9187bf0c21a95ba9342c56ac4d01b6e2fe0a6bebafb6c04da7b47ce	72
445	disp03760	/scratch/yuhansun/phono3py-runs/20260914-rb-fire-full-firstpass/Rb2Cu2SnS4/production/task-00445-disp03760/scf.in	704ce639af972f106b90852ca89dd03c44d10aa803fa2082c6fca1fe27abac80	72
446	disp03785	/scratch/yuhansun/phono3py-runs/20260914-rb-fire-full-firstpass/Rb2Cu2SnS4/production/task-00446-disp03785/scf.in	65559df05acba4ba8f106288fb9d230b6bf94c5aa63252cd7596675d76846e48	72
447	disp03786	/scratch/yuhansun/phono3py-runs/20260914-rb-fire-full-firstpass/Rb2Cu2SnS4/production/task-00447-disp03786/scf.in	4c7e1c04e3b33e6faed15514c70b526d76112111d3504dbac3f710bba55579a5	72
448	disp03787	/scratch/yuhansun/phono3py-runs/20260914-rb-fire-full-firstpass/Rb2Cu2SnS4/production/task-00448-disp03787/scf.in	acc6822186e81306f5b8e8b029463a0d4612b2fbb6062afc9ea0f0d50681b3dc	72
449	disp03788	/scratch/yuhansun/phono3py-runs/20260914-rb-fire-full-firstpass/Rb2Cu2SnS4/production/task-00449-disp03788/scf.in	e31d6bb423a25475f1a213008445639b6591dbd8b2a1442dd913c5e0dd7f5a46	72
450	disp03789	/scratch/yuhansun/phono3py-runs/20260914-rb-fire-full-firstpass/Rb2Cu2SnS4/production/task-00450-disp03789/scf.in	7521755a0e58ed4443ae51dfaf2b547adb41588b514b84a5e645bef4514b9cd7	72
451	disp03790	/scratch/yuhansun/phono3py-runs/20260914-rb-fire-full-firstpass/Rb2Cu2SnS4/production/task-00451-disp03790/scf.in	ccfd7d0662a4c33b73c70ef02ddbe3d03a8ada87663bafa6d182e3daf97271c1	72
452	disp03791	/scratch/yuhansun/phono3py-runs/20260914-rb-fire-full-firstpass/Rb2Cu2SnS4/production/task-00452-disp03791/scf.in	83998fb1f5eb0f55caf4aaa2925af0dd5c7fdbebd6850c2bdcf46c53175576ba	72
453	disp03792	/scratch/yuhansun/phono3py-runs/20260914-rb-fire-full-firstpass/Rb2Cu2SnS4/production/task-00453-disp03792/scf.in	01ccaa051a4a69c09b4e4eb6bc7904d0e15acc992e84b4f07d943ae4110abdc5	72
454	disp03793	/scratch/yuhansun/phono3py-runs/20260914-rb-fire-full-firstpass/Rb2Cu2SnS4/production/task-00454-disp03793/scf.in	da778c8f3b63d6140cddbdcfe4f752151b2b734d4233f8e5cf9f5cd881735e21	72
455	disp03794	/scratch/yuhansun/phono3py-runs/20260914-rb-fire-full-firstpass/Rb2Cu2SnS4/production/task-00455-disp03794/scf.in	1464636e873f9aa61afb857079adf73f4d0e7d9ce403aab26cfa44b23c32e79d	72
456	disp03795	/scratch/yuhansun/phono3py-runs/20260914-rb-fire-full-firstpass/Rb2Cu2SnS4/production/task-00456-disp03795/scf.in	e9738d43db5aaac336c9842fc987afd0f8b27c45aa789a87dcaae63e67b84dae	72
457	disp03796	/scratch/yuhansun/phono3py-runs/20260914-rb-fire-full-firstpass/Rb2Cu2SnS4/production/task-00457-disp03796/scf.in	c0f9a37e4073e89381a3d37029910b29faa778fd9ac4acef03aa17082e024fb3	72
458	disp03839	/scratch/yuhansun/phono3py-runs/20260914-rb-fire-full-firstpass/Rb2Cu2SnS4/production/task-00458-disp03839/scf.in	0101081e27aafe82ac00dd5c4c056acbe15bd78555d0a62a771a62750c36f47d	72
459	disp03840	/scratch/yuhansun/phono3py-runs/20260914-rb-fire-full-firstpass/Rb2Cu2SnS4/production/task-00459-disp03840/scf.in	022d8ecc7256496b713aeb52fb5b7ba002df28495d322b1919c752ab9e2fba58	72
460	disp03841	/scratch/yuhansun/phono3py-runs/20260914-rb-fire-full-firstpass/Rb2Cu2SnS4/production/task-00460-disp03841/scf.in	fcffb66f2fe51d05bec8f2b2bbfa1967406ca543e26b71aef1702b9234ce5b23	72
461	disp03842	/scratch/yuhansun/phono3py-runs/20260914-rb-fire-full-firstpass/Rb2Cu2SnS4/production/task-00461-disp03842/scf.in	385eb6f558928eee26a0800982e5e86143970dd4cbff22b2f417e8217ddf7a9c	72
462	disp03843	/scratch/yuhansun/phono3py-runs/20260914-rb-fire-full-firstpass/Rb2Cu2SnS4/production/task-00462-disp03843/scf.in	cccbe682b5f7b6fba229721a4839c390094d3dd0acaca4d18f28298712a33bbb	72
463	disp03844	/scratch/yuhansun/phono3py-runs/20260914-rb-fire-full-firstpass/Rb2Cu2SnS4/production/task-00463-disp03844/scf.in	41aec60763d5c8367239ec23eb839b3a6d51d1129c8f32bb45208fe126a5af9f	72
464	disp03863	/scratch/yuhansun/phono3py-runs/20260914-rb-fire-full-firstpass/Rb2Cu2SnS4/production/task-00464-disp03863/scf.in	130392f3d331d9165c5911e959e74dbbe309d7b804fce144e14ff47d35fb0e3b	72
465	disp03864	/scratch/yuhansun/phono3py-runs/20260914-rb-fire-full-firstpass/Rb2Cu2SnS4/production/task-00465-disp03864/scf.in	bcf35ad92a9a1544d697d2a505828a4f7bc6bf9772fc0505ea839f5dbf6c9f2d	72
466	disp03865	/scratch/yuhansun/phono3py-runs/20260914-rb-fire-full-firstpass/Rb2Cu2SnS4/production/task-00466-disp03865/scf.in	30173cdf6309e43f2dda47c4972fe52cdb19d0a8a4a9653f2ab0054bfa594945	72
467	disp03866	/scratch/yuhansun/phono3py-runs/20260914-rb-fire-full-firstpass/Rb2Cu2SnS4/production/task-00467-disp03866/scf.in	4ba2465bd4e8143f791c684aadaecb04c3e4008d8ac0687c182bbbeab29d4954	72
468	disp03867	/scratch/yuhansun/phono3py-runs/20260914-rb-fire-full-firstpass/Rb2Cu2SnS4/production/task-00468-disp03867/scf.in	99df55afd60f5c0725beb00b918a6ab3af206f36afae41cc78fd72e86effb0f8	72
469	disp03868	/scratch/yuhansun/phono3py-runs/20260914-rb-fire-full-firstpass/Rb2Cu2SnS4/production/task-00469-disp03868/scf.in	02e8ee982703c6919d8c0a73b34b4341caed6086d35d5926c12ff48f6da9f77a	72
470	disp03881	/scratch/yuhansun/phono3py-runs/20260914-rb-fire-full-firstpass/Rb2Cu2SnS4/production/task-00470-disp03881/scf.in	ca6e7e977270204bc5ee9dd120f4f4d532436f3b0fc7e7a71d4a0eda6243738a	72
471	disp03882	/scratch/yuhansun/phono3py-runs/20260914-rb-fire-full-firstpass/Rb2Cu2SnS4/production/task-00471-disp03882/scf.in	0e5aec1daf7c8a9d07e95afe9303869061facb1b446b6b1ced48dd433e5416cc	72
472	disp03883	/scratch/yuhansun/phono3py-runs/20260914-rb-fire-full-firstpass/Rb2Cu2SnS4/production/task-00472-disp03883/scf.in	22971f3786c180ea1ac3679efb0298f290660ded9a23344b06a721ec81cb08aa	72
473	disp03884	/scratch/yuhansun/phono3py-runs/20260914-rb-fire-full-firstpass/Rb2Cu2SnS4/production/task-00473-disp03884/scf.in	1e5d6415e2673625242f993f1541045223b2c2a03f38db2e918c239a34eba50a	72
474	disp03885	/scratch/yuhansun/phono3py-runs/20260914-rb-fire-full-firstpass/Rb2Cu2SnS4/production/task-00474-disp03885/scf.in	43dddc30b32ae9eb398b9419147ba1b3949e200b7425cc17210912e70af05f43	72
475	disp03886	/scratch/yuhansun/phono3py-runs/20260914-rb-fire-full-firstpass/Rb2Cu2SnS4/production/task-00475-disp03886/scf.in	16824b02ebabc2516ead73cfee41b891004d8fda90295480526d14f2e3d81457	72
476	disp03947	/scratch/yuhansun/phono3py-runs/20260914-rb-fire-full-firstpass/Rb2Cu2SnS4/production/task-00476-disp03947/scf.in	7442cb61c942bd0b63b33a665d5d94a03fbce6327bc844fb6b7feabc88b92302	72
477	disp03948	/scratch/yuhansun/phono3py-runs/20260914-rb-fire-full-firstpass/Rb2Cu2SnS4/production/task-00477-disp03948/scf.in	1adb264a643f4bb08d65f7cb419d113af9bafd7f7316344b01487b2eb1bef362	72
478	disp03949	/scratch/yuhansun/phono3py-runs/20260914-rb-fire-full-firstpass/Rb2Cu2SnS4/production/task-00478-disp03949/scf.in	d7bd031d96d089f601eacc8305804b6612cc05a298cdbebe6b424ed5610ab8a1	72
479	disp03950	/scratch/yuhansun/phono3py-runs/20260914-rb-fire-full-firstpass/Rb2Cu2SnS4/production/task-00479-disp03950/scf.in	7dbc25507f806ab229c5a1a99c28458a43392376888b46c22c2b8fd2e5232e8a	72
480	disp03951	/scratch/yuhansun/phono3py-runs/20260914-rb-fire-full-firstpass/Rb2Cu2SnS4/production/task-00480-disp03951/scf.in	3d4afc9db2297bb14e8ab8a6cea297717330e88ba4fda6bcd9eaecd6172e3c54	72
481	disp03952	/scratch/yuhansun/phono3py-runs/20260914-rb-fire-full-firstpass/Rb2Cu2SnS4/production/task-00481-disp03952/scf.in	35052ee0ad311ec4263a3e80a2a2e80ca725eaf9347ddb197dbe12d27ed5ee11	72
482	disp03995	/scratch/yuhansun/phono3py-runs/20260914-rb-fire-full-firstpass/Rb2Cu2SnS4/production/task-00482-disp03995/scf.in	bc2fdf864570dffcef1d172fc74d2f681fc1d84165e31ffe4913528fc263cd6c	72
483	disp03996	/scratch/yuhansun/phono3py-runs/20260914-rb-fire-full-firstpass/Rb2Cu2SnS4/production/task-00483-disp03996/scf.in	0b4047cfb5abf3a48a34dce619829cd5a27adaafee85031a1a8f7b534a51d5d1	72
484	disp03997	/scratch/yuhansun/phono3py-runs/20260914-rb-fire-full-firstpass/Rb2Cu2SnS4/production/task-00484-disp03997/scf.in	af19ddadfc16727b1d92497da5f58479ee95a34eb2727a8a987e20f78bb2116c	72
485	disp03998	/scratch/yuhansun/phono3py-runs/20260914-rb-fire-full-firstpass/Rb2Cu2SnS4/production/task-00485-disp03998/scf.in	08e69ba3427ecacb20a706849c325057217bcdb8f86c5e8a04ce24395fc70244	72
486	disp03999	/scratch/yuhansun/phono3py-runs/20260914-rb-fire-full-firstpass/Rb2Cu2SnS4/production/task-00486-disp03999/scf.in	09763936b570d3089f4b129e1aba18821c139fadf6d608e7dd588ca5bc04c62b	72
487	disp04000	/scratch/yuhansun/phono3py-runs/20260914-rb-fire-full-firstpass/Rb2Cu2SnS4/production/task-00487-disp04000/scf.in	fd6aa45e2b603068131f55c692bd77cf6dd74b0b940708ac238933ae995f3cad	72
488	disp04187	/scratch/yuhansun/phono3py-runs/20260914-rb-fire-full-firstpass/Rb2Cu2SnS4/production/task-00488-disp04187/scf.in	4c313c934b6d6f28ba86d1521245e03e90aaeb6172ece45456ad08dd167af978	72
489	disp04188	/scratch/yuhansun/phono3py-runs/20260914-rb-fire-full-firstpass/Rb2Cu2SnS4/production/task-00489-disp04188/scf.in	36699784707a09d31aa2d4968000f494a9680564eada39efaed806f0ccaa8508	72
490	disp04189	/scratch/yuhansun/phono3py-runs/20260914-rb-fire-full-firstpass/Rb2Cu2SnS4/production/task-00490-disp04189/scf.in	0b5d748f78c8a0c375e5d871de9e4c31a47a92b3802700f38fefbf894815efc9	72
491	disp04190	/scratch/yuhansun/phono3py-runs/20260914-rb-fire-full-firstpass/Rb2Cu2SnS4/production/task-00491-disp04190/scf.in	310529dc64015e52480667a4297cb878d103ede00ea79f18c0f3f007d9bc339f	72
492	disp04191	/scratch/yuhansun/phono3py-runs/20260914-rb-fire-full-firstpass/Rb2Cu2SnS4/production/task-00492-disp04191/scf.in	ae71cf74fc581872c5e750b3f09867058a72bfc0eb641720463a18d1b61d666c	72
493	disp04192	/scratch/yuhansun/phono3py-runs/20260914-rb-fire-full-firstpass/Rb2Cu2SnS4/production/task-00493-disp04192/scf.in	3dcc11ecab5e17429f7067a4f1c10d2bb34204ea4f81f997dc676dcbcba30b7f	72
494	disp04217	/scratch/yuhansun/phono3py-runs/20260914-rb-fire-full-firstpass/Rb2Cu2SnS4/production/task-00494-disp04217/scf.in	fadb62d6d7f8e663502113e101d17874cf4eb289d373a07d893853cf2e136128	72
495	disp04218	/scratch/yuhansun/phono3py-runs/20260914-rb-fire-full-firstpass/Rb2Cu2SnS4/production/task-00495-disp04218/scf.in	c3bff51e0102e883755763c5dbb31a98ea03147399e625e9f284923a7780dd90	72
496	disp04219	/scratch/yuhansun/phono3py-runs/20260914-rb-fire-full-firstpass/Rb2Cu2SnS4/production/task-00496-disp04219/scf.in	4163c471a37440b369ae655cf4472231fb096c7ebccb500ff607bbb17e547a09	72
497	disp04220	/scratch/yuhansun/phono3py-runs/20260914-rb-fire-full-firstpass/Rb2Cu2SnS4/production/task-00497-disp04220/scf.in	2a9081bc880819da8898353e0abbb1f2cb570dd093490ec2f2311877582c079c	72
498	disp04221	/scratch/yuhansun/phono3py-runs/20260914-rb-fire-full-firstpass/Rb2Cu2SnS4/production/task-00498-disp04221/scf.in	7a8aae643d2ceaf8f3cfdbb07581789e65c8581584333c7eecc05c1283cac1e7	72
499	disp04222	/scratch/yuhansun/phono3py-runs/20260914-rb-fire-full-firstpass/Rb2Cu2SnS4/production/task-00499-disp04222/scf.in	0ac39f3e5554f81059fb6d3c259340acc6c5e7565faab0c4a2b3474b2df79222	72
500	disp04223	/scratch/yuhansun/phono3py-runs/20260914-rb-fire-full-firstpass/Rb2Cu2SnS4/production/task-00500-disp04223/scf.in	5a92129dc33819cb9f10deab4b9cd0fcb1a6e29a1fd45546c762119bfe5c1941	72
501	disp04224	/scratch/yuhansun/phono3py-runs/20260914-rb-fire-full-firstpass/Rb2Cu2SnS4/production/task-00501-disp04224/scf.in	9dee3c9537781ff2e23c149a35a3e73b18046420d80391e3b704f56a9b1a13fe	72
502	disp04225	/scratch/yuhansun/phono3py-runs/20260914-rb-fire-full-firstpass/Rb2Cu2SnS4/production/task-00502-disp04225/scf.in	2fd68e36b0344985cea3ad0f22fd39ce23fd7dad5217f570c99907471e74ec08	72
503	disp04226	/scratch/yuhansun/phono3py-runs/20260914-rb-fire-full-firstpass/Rb2Cu2SnS4/production/task-00503-disp04226/scf.in	0d41bb9cebd0324112d0aa4bdb36769005a89ff164c37135049d175f09ffc069	72
504	disp04227	/scratch/yuhansun/phono3py-runs/20260914-rb-fire-full-firstpass/Rb2Cu2SnS4/production/task-00504-disp04227/scf.in	111469392a0a4f62cd8de1c88dccb497fff65cd7f5ee6a1db0fe6417a1cc28f5	72
505	disp04228	/scratch/yuhansun/phono3py-runs/20260914-rb-fire-full-firstpass/Rb2Cu2SnS4/production/task-00505-disp04228/scf.in	a9e75ed92b58333e4b47ba01aa992c4798c9d63513f1e2663822871bce22c228	72
506	disp04271	/scratch/yuhansun/phono3py-runs/20260914-rb-fire-full-firstpass/Rb2Cu2SnS4/production/task-00506-disp04271/scf.in	5b53ecba3a8d9d3118ee8bc5dc873b7ccf1c3ef56b44e7db040bdaf9d9af653a	72
507	disp04272	/scratch/yuhansun/phono3py-runs/20260914-rb-fire-full-firstpass/Rb2Cu2SnS4/production/task-00507-disp04272/scf.in	e67a70e31a6e1412fdcb7525240c8ed420ec1d5e1c787a1a157d3170085785dd	72
508	disp04273	/scratch/yuhansun/phono3py-runs/20260914-rb-fire-full-firstpass/Rb2Cu2SnS4/production/task-00508-disp04273/scf.in	4686f1563064f2d613ddff237b1c41e466eebb1e852177940d6b3d5a115ef6e7	72
509	disp04274	/scratch/yuhansun/phono3py-runs/20260914-rb-fire-full-firstpass/Rb2Cu2SnS4/production/task-00509-disp04274/scf.in	fb49951b8c14854a6591d40575465a28f2d415d1e1f2c92daf72c52610823b9c	72
510	disp04275	/scratch/yuhansun/phono3py-runs/20260914-rb-fire-full-firstpass/Rb2Cu2SnS4/production/task-00510-disp04275/scf.in	4f0ee5fd3111c306cf49fa925b0fe234632ee97b89070e35801febf03084d810	72
511	disp04276	/scratch/yuhansun/phono3py-runs/20260914-rb-fire-full-firstpass/Rb2Cu2SnS4/production/task-00511-disp04276/scf.in	936612f99eca06215b856a4687ea9c1c177dbec787ec430a6edd9e52d3663390	72
512	disp04295	/scratch/yuhansun/phono3py-runs/20260914-rb-fire-full-firstpass/Rb2Cu2SnS4/production/task-00512-disp04295/scf.in	952aff0721d81f949370d21251bd64177a878ed236975c39dfdfa0f5738611dc	72
513	disp04296	/scratch/yuhansun/phono3py-runs/20260914-rb-fire-full-firstpass/Rb2Cu2SnS4/production/task-00513-disp04296/scf.in	238b61b6fae9c03218fc4105daf6cf4ffe107991284d314a6c6c0b039f228fd3	72
514	disp04297	/scratch/yuhansun/phono3py-runs/20260914-rb-fire-full-firstpass/Rb2Cu2SnS4/production/task-00514-disp04297/scf.in	a6d55dbdabd11592216b5a7e076046fffd4f56b6a9b19a2856b08d19a54970bf	72
515	disp04298	/scratch/yuhansun/phono3py-runs/20260914-rb-fire-full-firstpass/Rb2Cu2SnS4/production/task-00515-disp04298/scf.in	20ecd7acb911bdcf51922a0340a24eb808fff2769e2c80fb09dba1eecf217038	72
516	disp04299	/scratch/yuhansun/phono3py-runs/20260914-rb-fire-full-firstpass/Rb2Cu2SnS4/production/task-00516-disp04299/scf.in	2292017bd8c30e4951326c3f4601ed56c8e3a37e2118e3faeffedae5501707bc	72
517	disp04300	/scratch/yuhansun/phono3py-runs/20260914-rb-fire-full-firstpass/Rb2Cu2SnS4/production/task-00517-disp04300/scf.in	17677935df9792167e2c4df21afb49b8f1b8cc3f071fb50957ae69598e564bd9	72
518	disp04313	/scratch/yuhansun/phono3py-runs/20260914-rb-fire-full-firstpass/Rb2Cu2SnS4/production/task-00518-disp04313/scf.in	58ef4baa6636054cef927aa84a9e0c4332be34513a8074be56daaf6e74234061	72
519	disp04314	/scratch/yuhansun/phono3py-runs/20260914-rb-fire-full-firstpass/Rb2Cu2SnS4/production/task-00519-disp04314/scf.in	56606a7ffba1351b78eda882c2faf2265bb854c47fed81f8ad0f18b9b7af61de	72
520	disp04315	/scratch/yuhansun/phono3py-runs/20260914-rb-fire-full-firstpass/Rb2Cu2SnS4/production/task-00520-disp04315/scf.in	78c3085c31b8ad482886def89e2a5ea6a52378a99c82e70668562753cde458fb	72
521	disp04316	/scratch/yuhansun/phono3py-runs/20260914-rb-fire-full-firstpass/Rb2Cu2SnS4/production/task-00521-disp04316/scf.in	e4f8fbee02f87a4d22a68902c92f5a15b6fa9dd27177002226b80a2df5d603ce	72
522	disp04317	/scratch/yuhansun/phono3py-runs/20260914-rb-fire-full-firstpass/Rb2Cu2SnS4/production/task-00522-disp04317/scf.in	c58087b4d9d25bc9ffde64184f704f19e1bcbcfd211d94bb94f246560c8d9bb0	72
523	disp04318	/scratch/yuhansun/phono3py-runs/20260914-rb-fire-full-firstpass/Rb2Cu2SnS4/production/task-00523-disp04318/scf.in	3cafb472021e0a9f03877081d72941e322b13ee3202c83dc6f894c6cdba09f70	72
524	disp04379	/scratch/yuhansun/phono3py-runs/20260914-rb-fire-full-firstpass/Rb2Cu2SnS4/production/task-00524-disp04379/scf.in	1ffad390885fde784e7da29985605fb8d120729f090c446fc2677b441e82556f	72
525	disp04380	/scratch/yuhansun/phono3py-runs/20260914-rb-fire-full-firstpass/Rb2Cu2SnS4/production/task-00525-disp04380/scf.in	5b55c2f89f66673cc6fe740ed267316b5664ee6fd134fdbb290ed8c1d8e240bd	72
526	disp04381	/scratch/yuhansun/phono3py-runs/20260914-rb-fire-full-firstpass/Rb2Cu2SnS4/production/task-00526-disp04381/scf.in	8d453b878718adb4859409d65fa34e1bdfde3808274ccbbd2b120b2fc358b544	72
527	disp04382	/scratch/yuhansun/phono3py-runs/20260914-rb-fire-full-firstpass/Rb2Cu2SnS4/production/task-00527-disp04382/scf.in	1283820363d2da96b49a8029bfe7504240a8db9e938d5e5a59b30564e6ede257	72
528	disp04383	/scratch/yuhansun/phono3py-runs/20260914-rb-fire-full-firstpass/Rb2Cu2SnS4/production/task-00528-disp04383/scf.in	1c3e0ebb4f8fc205b34e858176853da249d302e8937c5707e347604da3ae503c	72
529	disp04384	/scratch/yuhansun/phono3py-runs/20260914-rb-fire-full-firstpass/Rb2Cu2SnS4/production/task-00529-disp04384/scf.in	d28ed32a56d7b1813c89c2c6e882f2e9c8ecb2b1218ff7a76fb677bf4f942307	72
530	disp04427	/scratch/yuhansun/phono3py-runs/20260914-rb-fire-full-firstpass/Rb2Cu2SnS4/production/task-00530-disp04427/scf.in	10c2fa223628058ba20eb6c553dc097673fa60a59711ae3858de1479faeb78bc	72
531	disp04428	/scratch/yuhansun/phono3py-runs/20260914-rb-fire-full-firstpass/Rb2Cu2SnS4/production/task-00531-disp04428/scf.in	1868a1048d783551934c76014c5c515f3d1cb2a9bc4664b5b7e1fff6aea616af	72
532	disp04429	/scratch/yuhansun/phono3py-runs/20260914-rb-fire-full-firstpass/Rb2Cu2SnS4/production/task-00532-disp04429/scf.in	d7b6182b4fcca78a3d35d78aa3698053227568a1acb2906b1a772f4b2c247f77	72
533	disp04430	/scratch/yuhansun/phono3py-runs/20260914-rb-fire-full-firstpass/Rb2Cu2SnS4/production/task-00533-disp04430/scf.in	4a4131b361225e126a4978f6df0262325b545a77cb73ea3d33c9e5c8046e4374	72
534	disp04431	/scratch/yuhansun/phono3py-runs/20260914-rb-fire-full-firstpass/Rb2Cu2SnS4/production/task-00534-disp04431/scf.in	0e007b52b39c3fba772da1d1e11953d64ed93ccca1621b938d48e833f58fc220	72
535	disp04432	/scratch/yuhansun/phono3py-runs/20260914-rb-fire-full-firstpass/Rb2Cu2SnS4/production/task-00535-disp04432/scf.in	48e55151ad5ee54ba808db06c9a1a503f5cb773a8e0c2fb1547d6c8b20002b70	72
536	disp04619	/scratch/yuhansun/phono3py-runs/20260914-rb-fire-full-firstpass/Rb2Cu2SnS4/production/task-00536-disp04619/scf.in	595e03e4e729a5d8d99d47881923ee191663a7df3c728c889345b2d8de567c27	72
537	disp04620	/scratch/yuhansun/phono3py-runs/20260914-rb-fire-full-firstpass/Rb2Cu2SnS4/production/task-00537-disp04620/scf.in	1c3e49f26f453c38313491b9ae61b12546066144cd15d5b8e4f232a2a8710e52	72
538	disp04621	/scratch/yuhansun/phono3py-runs/20260914-rb-fire-full-firstpass/Rb2Cu2SnS4/production/task-00538-disp04621/scf.in	9f4b9bb3cb89a396331298d26d498a7a077dfeaf43fbee54c34bc9510f3093fe	72
539	disp04622	/scratch/yuhansun/phono3py-runs/20260914-rb-fire-full-firstpass/Rb2Cu2SnS4/production/task-00539-disp04622/scf.in	8fb1f9db4077175efa4f5cde1f027fe36cfba2f527c5ba6f561882edc9f55302	72
540	disp04623	/scratch/yuhansun/phono3py-runs/20260914-rb-fire-full-firstpass/Rb2Cu2SnS4/production/task-00540-disp04623/scf.in	a3627e85b0b6c35e14ee37607b33a61a23fc903426a6087b8659750192350a9e	72
541	disp04624	/scratch/yuhansun/phono3py-runs/20260914-rb-fire-full-firstpass/Rb2Cu2SnS4/production/task-00541-disp04624/scf.in	61b8a58334940b73352df922d256342ffca12a2cebaf9330f579ae390ade62d3	72
542	disp04649	/scratch/yuhansun/phono3py-runs/20260914-rb-fire-full-firstpass/Rb2Cu2SnS4/production/task-00542-disp04649/scf.in	719f4b96ae5cbb96ebcbf2542bc0481a5c129f74f7649a12ee33ebb82d513076	72
543	disp04650	/scratch/yuhansun/phono3py-runs/20260914-rb-fire-full-firstpass/Rb2Cu2SnS4/production/task-00543-disp04650/scf.in	4cd04b6767ac176b934808e3b96fe538326cfa6fbe3628bc1a64af867aa4133f	72
544	disp04651	/scratch/yuhansun/phono3py-runs/20260914-rb-fire-full-firstpass/Rb2Cu2SnS4/production/task-00544-disp04651/scf.in	def3640d88bd0791e79f3425bd13c1ab427068bb0f5e9d448ffd21775f6ef4bb	72
545	disp04652	/scratch/yuhansun/phono3py-runs/20260914-rb-fire-full-firstpass/Rb2Cu2SnS4/production/task-00545-disp04652/scf.in	842faf538700fa588c6d6a2a6638fe9009b3569c9587849d180cdd6df6b4dd55	72
546	disp04653	/scratch/yuhansun/phono3py-runs/20260914-rb-fire-full-firstpass/Rb2Cu2SnS4/production/task-00546-disp04653/scf.in	73cfd8874b426258233833bd50f170c6b67f27e47071142b027d5cb8c906c275	72
547	disp04654	/scratch/yuhansun/phono3py-runs/20260914-rb-fire-full-firstpass/Rb2Cu2SnS4/production/task-00547-disp04654/scf.in	fb867d9c6330ea8e49a7cc9f5798bf64fb9cb3c58fab2a8d25d96622a86f56ec	72
548	disp04655	/scratch/yuhansun/phono3py-runs/20260914-rb-fire-full-firstpass/Rb2Cu2SnS4/production/task-00548-disp04655/scf.in	19d07ae741b96d9481d039abd0b16dbe001ed5b4edda61524b2b51c22c1198d1	72
549	disp04656	/scratch/yuhansun/phono3py-runs/20260914-rb-fire-full-firstpass/Rb2Cu2SnS4/production/task-00549-disp04656/scf.in	65334d471f8c3848b2392a64bc8e7f118b9cb40b08aece40d0c8f3dd04835cc8	72
550	disp04657	/scratch/yuhansun/phono3py-runs/20260914-rb-fire-full-firstpass/Rb2Cu2SnS4/production/task-00550-disp04657/scf.in	cda284be731b8e1c355136b8ae43ce49623bca34d8ad84dd7d318149192059e1	72
551	disp04658	/scratch/yuhansun/phono3py-runs/20260914-rb-fire-full-firstpass/Rb2Cu2SnS4/production/task-00551-disp04658/scf.in	00e4d0df0b10512eba735fdc39ebd91e485330dc2ebeeac027b0c38f975eeb36	72
552	disp04659	/scratch/yuhansun/phono3py-runs/20260914-rb-fire-full-firstpass/Rb2Cu2SnS4/production/task-00552-disp04659/scf.in	415f5cff28803d232c97839816739bf98642393f479f64dbf96783eb14a90a12	72
553	disp04660	/scratch/yuhansun/phono3py-runs/20260914-rb-fire-full-firstpass/Rb2Cu2SnS4/production/task-00553-disp04660/scf.in	c94c30096e3e7886d1a9b030c917c5f9fd56afb0fc36b356fbcee674cee8e6d1	72
554	disp04703	/scratch/yuhansun/phono3py-runs/20260914-rb-fire-full-firstpass/Rb2Cu2SnS4/production/task-00554-disp04703/scf.in	38465d449dbb4b2f3b7dc333d7ed9566b71dd15c78636b1b71abecc2b861a869	72
555	disp04704	/scratch/yuhansun/phono3py-runs/20260914-rb-fire-full-firstpass/Rb2Cu2SnS4/production/task-00555-disp04704/scf.in	e19cf585fb8378f1a2dd2f79f46d1cbf11bdaf997f518f59eb1d9f3e854c9cf5	72
556	disp04705	/scratch/yuhansun/phono3py-runs/20260914-rb-fire-full-firstpass/Rb2Cu2SnS4/production/task-00556-disp04705/scf.in	eb6ea498efde22c6e9ff7ea2e106d5c2ede64641fdfe859507d2bbc7bd0f9e0f	72
557	disp04706	/scratch/yuhansun/phono3py-runs/20260914-rb-fire-full-firstpass/Rb2Cu2SnS4/production/task-00557-disp04706/scf.in	b8fbc58c7285a3a3c63a59af167d9157cc643e17bd523f7dfbf9a317c866fcb7	72
558	disp04707	/scratch/yuhansun/phono3py-runs/20260914-rb-fire-full-firstpass/Rb2Cu2SnS4/production/task-00558-disp04707/scf.in	cadc70d995757c6c0da654293409fe0c8f13ab884f5256ee3fff3e54944ed0f7	72
559	disp04708	/scratch/yuhansun/phono3py-runs/20260914-rb-fire-full-firstpass/Rb2Cu2SnS4/production/task-00559-disp04708/scf.in	270b3755186c4bde06e9d206436fbcf2b1dc764dc993b635925b39c5f41b9dac	72
560	disp04727	/scratch/yuhansun/phono3py-runs/20260914-rb-fire-full-firstpass/Rb2Cu2SnS4/production/task-00560-disp04727/scf.in	e794824c81103b0b0a6e613512601b18a980215b4148354224db6957f03a9825	72
561	disp04728	/scratch/yuhansun/phono3py-runs/20260914-rb-fire-full-firstpass/Rb2Cu2SnS4/production/task-00561-disp04728/scf.in	f6aad39d931bec837a731c9060a5e64722947fc34a4445280e1e3f59aa4a0122	72
562	disp04729	/scratch/yuhansun/phono3py-runs/20260914-rb-fire-full-firstpass/Rb2Cu2SnS4/production/task-00562-disp04729/scf.in	3080b6cda4932bf21f4acf27777266066f7a614aa50ce0799ca791c12084e8ea	72
563	disp04730	/scratch/yuhansun/phono3py-runs/20260914-rb-fire-full-firstpass/Rb2Cu2SnS4/production/task-00563-disp04730/scf.in	5cc77ef30dc67f89ae93325fc830a3ab64536b510619576f54b7bd719bb43cbe	72
564	disp04731	/scratch/yuhansun/phono3py-runs/20260914-rb-fire-full-firstpass/Rb2Cu2SnS4/production/task-00564-disp04731/scf.in	7bf74e2a7a9c54cac2377b89e134f4877a9ffdae49b52bc29e288fb82363a631	72
565	disp04732	/scratch/yuhansun/phono3py-runs/20260914-rb-fire-full-firstpass/Rb2Cu2SnS4/production/task-00565-disp04732/scf.in	cb861e0c06ba13b2e05d3b2a1b40ae1c7f168d782502952ff43707da02662e9c	72
566	disp04745	/scratch/yuhansun/phono3py-runs/20260914-rb-fire-full-firstpass/Rb2Cu2SnS4/production/task-00566-disp04745/scf.in	cbda5884c9522ff409b06c47f1ddcfed21a7c47cc4c0c4e7e1079377f481712b	72
567	disp04746	/scratch/yuhansun/phono3py-runs/20260914-rb-fire-full-firstpass/Rb2Cu2SnS4/production/task-00567-disp04746/scf.in	9d6aed6ddb4416d046642f10ec4ff0229201411a37c6d8ca2c45fb75fdf6c4e4	72
568	disp04747	/scratch/yuhansun/phono3py-runs/20260914-rb-fire-full-firstpass/Rb2Cu2SnS4/production/task-00568-disp04747/scf.in	d6860ec53cd33d8b54694eacb3926c7889d1f77eddf2438bb8df439bf51788f2	72
569	disp04748	/scratch/yuhansun/phono3py-runs/20260914-rb-fire-full-firstpass/Rb2Cu2SnS4/production/task-00569-disp04748/scf.in	7d62dc56093c1a52aa0b5461e006ff75d85ab661cc00fd4d9cdec015b351cfd2	72
570	disp04749	/scratch/yuhansun/phono3py-runs/20260914-rb-fire-full-firstpass/Rb2Cu2SnS4/production/task-00570-disp04749/scf.in	822b946520e8daeced3728c764fe4074b2c4c9d9995a4b6e645d7536c75fdb49	72
571	disp04750	/scratch/yuhansun/phono3py-runs/20260914-rb-fire-full-firstpass/Rb2Cu2SnS4/production/task-00571-disp04750/scf.in	7d56032c4a5697ef8e71ba1767ecb9341f4c98eab96f020d98af6b3e08001f7e	72
572	disp04811	/scratch/yuhansun/phono3py-runs/20260914-rb-fire-full-firstpass/Rb2Cu2SnS4/production/task-00572-disp04811/scf.in	39ba13b9d1217d141f9377487d136dab5309e2d72a2267e39358d5db212dd74d	72
573	disp04812	/scratch/yuhansun/phono3py-runs/20260914-rb-fire-full-firstpass/Rb2Cu2SnS4/production/task-00573-disp04812/scf.in	0ba10d8d62f11b2a99b1f543f01180e5afc56a6c8e759f39f7aaa344ce4a3dff	72
574	disp04813	/scratch/yuhansun/phono3py-runs/20260914-rb-fire-full-firstpass/Rb2Cu2SnS4/production/task-00574-disp04813/scf.in	11dd31f03902ee7952c3278fc93ebb167a320f28fb51a6c03a4fbb47a9f5707d	72
575	disp04814	/scratch/yuhansun/phono3py-runs/20260914-rb-fire-full-firstpass/Rb2Cu2SnS4/production/task-00575-disp04814/scf.in	16504de94d6f0cdd618d9719dd4eb8070ae6f4e111b6caab24e304304d307000	72
576	disp04815	/scratch/yuhansun/phono3py-runs/20260914-rb-fire-full-firstpass/Rb2Cu2SnS4/production/task-00576-disp04815/scf.in	cbc7a00227e9438de080b9c86e140fc8b12c9b024864d1e51313d7046d1e8c54	72
577	disp04816	/scratch/yuhansun/phono3py-runs/20260914-rb-fire-full-firstpass/Rb2Cu2SnS4/production/task-00577-disp04816/scf.in	df8ead1205d43a6058690f43f6f96c034404c6642cd3635d32ea0f85a990ed45	72
578	disp04859	/scratch/yuhansun/phono3py-runs/20260914-rb-fire-full-firstpass/Rb2Cu2SnS4/production/task-00578-disp04859/scf.in	94a0536766c250d57d2d5679c28e1394ed7aeb78ba55f05490a20f1142e4ea26	72
579	disp04860	/scratch/yuhansun/phono3py-runs/20260914-rb-fire-full-firstpass/Rb2Cu2SnS4/production/task-00579-disp04860/scf.in	4b77600b80ff7fb66b902fa8f52241183b0ebc230449af7cbe081352c1af112c	72
580	disp04861	/scratch/yuhansun/phono3py-runs/20260914-rb-fire-full-firstpass/Rb2Cu2SnS4/production/task-00580-disp04861/scf.in	0f3cef20e506d8379261838175b5ad002961a39908f42c21cdb7502cd1f37915	72
581	disp04862	/scratch/yuhansun/phono3py-runs/20260914-rb-fire-full-firstpass/Rb2Cu2SnS4/production/task-00581-disp04862/scf.in	68a2529a82b8034d1ae8625b777d96df563516c5e3790003b9e62104f00ce5b3	72
582	disp04863	/scratch/yuhansun/phono3py-runs/20260914-rb-fire-full-firstpass/Rb2Cu2SnS4/production/task-00582-disp04863/scf.in	b302b4480f100c84b45392f2a9943a8ef3344ab871654fd9ade22bb0dc673ced	72
583	disp04864	/scratch/yuhansun/phono3py-runs/20260914-rb-fire-full-firstpass/Rb2Cu2SnS4/production/task-00583-disp04864/scf.in	07b577676c30debe22cf1879c480a415338467edeb75ba42c4bed885e5e717dc	72
584	disp05051	/scratch/yuhansun/phono3py-runs/20260914-rb-fire-full-firstpass/Rb2Cu2SnS4/production/task-00584-disp05051/scf.in	10514dc60501ef563d52e0ce43a4204ec758e00083be181c57e666923095a963	72
585	disp05052	/scratch/yuhansun/phono3py-runs/20260914-rb-fire-full-firstpass/Rb2Cu2SnS4/production/task-00585-disp05052/scf.in	8ff6abed0453df9ffbaf5c9a1bf0f1e90de10c87a7932fbbbbe24ccc6f5ff5d8	72
586	disp05053	/scratch/yuhansun/phono3py-runs/20260914-rb-fire-full-firstpass/Rb2Cu2SnS4/production/task-00586-disp05053/scf.in	2bc2d34ce892b8c489f7f05291df8732fdd740c00e3349cd1b2bc8db3c56c5ac	72
587	disp05054	/scratch/yuhansun/phono3py-runs/20260914-rb-fire-full-firstpass/Rb2Cu2SnS4/production/task-00587-disp05054/scf.in	7cb806e2b4ad6282c1feaea5005ad3f27f5ae4a969759ca98a056d041cbf0f33	72
588	disp05055	/scratch/yuhansun/phono3py-runs/20260914-rb-fire-full-firstpass/Rb2Cu2SnS4/production/task-00588-disp05055/scf.in	8da9c7c93982a1314d5d5eb1cfe85d1f3928897ca1fbbfa56a57c55d7833fa2f	72
589	disp05056	/scratch/yuhansun/phono3py-runs/20260914-rb-fire-full-firstpass/Rb2Cu2SnS4/production/task-00589-disp05056/scf.in	175f00cb0db2503bf6cb0f3dd86948bea40f33d0ff2db416223a0e7dbe7b44c5	72
590	disp05081	/scratch/yuhansun/phono3py-runs/20260914-rb-fire-full-firstpass/Rb2Cu2SnS4/production/task-00590-disp05081/scf.in	a4757b9adc6816435a8078e1049152ff10fc2421cde8e4e7d8aa6d6cb56b2ccd	72
591	disp05082	/scratch/yuhansun/phono3py-runs/20260914-rb-fire-full-firstpass/Rb2Cu2SnS4/production/task-00591-disp05082/scf.in	42f2f6a46e7c75ac883d185bbd07055f198d3ad24abf6b0e2d79776bcec5b5d7	72
592	disp05083	/scratch/yuhansun/phono3py-runs/20260914-rb-fire-full-firstpass/Rb2Cu2SnS4/production/task-00592-disp05083/scf.in	2a05b4eabd49d945da10253af4bffad4c131331e4662854ca6771651fbe433be	72
593	disp05084	/scratch/yuhansun/phono3py-runs/20260914-rb-fire-full-firstpass/Rb2Cu2SnS4/production/task-00593-disp05084/scf.in	6733a437eb6d28df62b72cbcc7a2617bf0945586b9837381047b3101370bd162	72
594	disp05085	/scratch/yuhansun/phono3py-runs/20260914-rb-fire-full-firstpass/Rb2Cu2SnS4/production/task-00594-disp05085/scf.in	ea96738e167a69f14a3999c1c32c34cf30afdc4375022435d57d4ee311cd07fd	72
595	disp05086	/scratch/yuhansun/phono3py-runs/20260914-rb-fire-full-firstpass/Rb2Cu2SnS4/production/task-00595-disp05086/scf.in	a8bb22bfe3a8a688e8d019bba853071563ed4f7ec68f8827a6279fd58ace2a99	72
596	disp05087	/scratch/yuhansun/phono3py-runs/20260914-rb-fire-full-firstpass/Rb2Cu2SnS4/production/task-00596-disp05087/scf.in	50275fa7f5b028782374a99999670d4abb0e0a25c74c702a53b7ba52260fc9aa	72
597	disp05088	/scratch/yuhansun/phono3py-runs/20260914-rb-fire-full-firstpass/Rb2Cu2SnS4/production/task-00597-disp05088/scf.in	d6018db39bea249e065b135144d4f3efd869ac104286376d6859f44d7a73ae68	72
598	disp05089	/scratch/yuhansun/phono3py-runs/20260914-rb-fire-full-firstpass/Rb2Cu2SnS4/production/task-00598-disp05089/scf.in	81a33471c1de67fb744b12341cf3d5ed5845caaa3e67a34c88844ffb143ece6a	72
599	disp05090	/scratch/yuhansun/phono3py-runs/20260914-rb-fire-full-firstpass/Rb2Cu2SnS4/production/task-00599-disp05090/scf.in	a3a76dea0b999f7e8f44ee0c02ca7e99c868cef3a416973ff101b02d64d3118a	72
600	disp05091	/scratch/yuhansun/phono3py-runs/20260914-rb-fire-full-firstpass/Rb2Cu2SnS4/production/task-00600-disp05091/scf.in	e23ce79c3e0f97043f01851c4597a6d042581a595c172e39b41c3a7ecf137779	72
601	disp05092	/scratch/yuhansun/phono3py-runs/20260914-rb-fire-full-firstpass/Rb2Cu2SnS4/production/task-00601-disp05092/scf.in	0d8ae26f424df7816955966e009011d7f959e00ff6a86929d462a4a500fba4ab	72
602	disp05135	/scratch/yuhansun/phono3py-runs/20260914-rb-fire-full-firstpass/Rb2Cu2SnS4/production/task-00602-disp05135/scf.in	7ed1679e1432e06a87b96bef63db549343f3ef63ff3d6d172e4b870a1e0fea25	72
603	disp05136	/scratch/yuhansun/phono3py-runs/20260914-rb-fire-full-firstpass/Rb2Cu2SnS4/production/task-00603-disp05136/scf.in	23dfb3e91f94d8bab689ac386b7fb128fa8b3f760cdd7cb1dbae8908eaacd170	72
604	disp05137	/scratch/yuhansun/phono3py-runs/20260914-rb-fire-full-firstpass/Rb2Cu2SnS4/production/task-00604-disp05137/scf.in	e3db20b8d1ad44590c5d0f26ebcbbcddd828d7055378cedfad131b03c8cb8649	72
605	disp05138	/scratch/yuhansun/phono3py-runs/20260914-rb-fire-full-firstpass/Rb2Cu2SnS4/production/task-00605-disp05138/scf.in	92b932460705a0efa3eea36de791517a0a524ca05e8fcd69a0392f41c3c80e27	72
606	disp05139	/scratch/yuhansun/phono3py-runs/20260914-rb-fire-full-firstpass/Rb2Cu2SnS4/production/task-00606-disp05139/scf.in	a998b929af42e18bb2e64c257b518d730a5a2c0c1835aeac191ecd300b21abd9	72
607	disp05140	/scratch/yuhansun/phono3py-runs/20260914-rb-fire-full-firstpass/Rb2Cu2SnS4/production/task-00607-disp05140/scf.in	615a70bdefc7c58be46b1edb82585bce4d2e82d26ab003cac86a82f1737b0e98	72
608	disp05159	/scratch/yuhansun/phono3py-runs/20260914-rb-fire-full-firstpass/Rb2Cu2SnS4/production/task-00608-disp05159/scf.in	0b83ad1dafe8c6300b4a3b35869de8422eb366275c0a84baa5f366bf3bdff0c2	72
609	disp05160	/scratch/yuhansun/phono3py-runs/20260914-rb-fire-full-firstpass/Rb2Cu2SnS4/production/task-00609-disp05160/scf.in	9c3effc615ac642cd80b7ad2a77a558f53bd27987297bf7f931982ee9d10dd15	72
610	disp05161	/scratch/yuhansun/phono3py-runs/20260914-rb-fire-full-firstpass/Rb2Cu2SnS4/production/task-00610-disp05161/scf.in	946dd069b8a3235955237ed6365f6e0eca6e6244559bb491f19ba92136b7744d	72
611	disp05162	/scratch/yuhansun/phono3py-runs/20260914-rb-fire-full-firstpass/Rb2Cu2SnS4/production/task-00611-disp05162/scf.in	fb17ad89673892c3336b47e33bc0667c810805ed6ece24e381930f79062d04b4	72
612	disp05163	/scratch/yuhansun/phono3py-runs/20260914-rb-fire-full-firstpass/Rb2Cu2SnS4/production/task-00612-disp05163/scf.in	c03606bc6d145913589399180b0e19dd10c71dbe74689157de050deade496657	72
613	disp05164	/scratch/yuhansun/phono3py-runs/20260914-rb-fire-full-firstpass/Rb2Cu2SnS4/production/task-00613-disp05164/scf.in	65241555ab07204696721f02c3855c3602ce807639769707014a5f2216647a2f	72
614	disp05177	/scratch/yuhansun/phono3py-runs/20260914-rb-fire-full-firstpass/Rb2Cu2SnS4/production/task-00614-disp05177/scf.in	ea87001e502883d38cb892419723a98ef7df1fa45ff271826d0114ae3b0a8b93	72
615	disp05178	/scratch/yuhansun/phono3py-runs/20260914-rb-fire-full-firstpass/Rb2Cu2SnS4/production/task-00615-disp05178/scf.in	53410bddf905c0c2d3b3794f9a50bb95bd3776c95e37883660d1b7a9b3701ee6	72
616	disp05179	/scratch/yuhansun/phono3py-runs/20260914-rb-fire-full-firstpass/Rb2Cu2SnS4/production/task-00616-disp05179/scf.in	a4554f7fbfe4d5f2268ed154822ee5df0a6399b1aa86c222b4fcd6f717a94e83	72
617	disp05180	/scratch/yuhansun/phono3py-runs/20260914-rb-fire-full-firstpass/Rb2Cu2SnS4/production/task-00617-disp05180/scf.in	ee9df378d1a4916d3de133453c4ad8f38f0776d8442ad6584b3b392e6e3d55ed	72
618	disp05181	/scratch/yuhansun/phono3py-runs/20260914-rb-fire-full-firstpass/Rb2Cu2SnS4/production/task-00618-disp05181/scf.in	624564c775f589d526dcf22dfb91e95bebcca37eeab2501532355a80fa548e82	72
619	disp05182	/scratch/yuhansun/phono3py-runs/20260914-rb-fire-full-firstpass/Rb2Cu2SnS4/production/task-00619-disp05182/scf.in	805d3d4fa805b56407fef5574db63aacac3242496470559240175379be3eea38	72
620	disp05243	/scratch/yuhansun/phono3py-runs/20260914-rb-fire-full-firstpass/Rb2Cu2SnS4/production/task-00620-disp05243/scf.in	dff6d525c277907c92e24e0f3bbbe9b4a3a8db02234e65dbeafe6225183cf5b2	72
621	disp05244	/scratch/yuhansun/phono3py-runs/20260914-rb-fire-full-firstpass/Rb2Cu2SnS4/production/task-00621-disp05244/scf.in	873414ca988c3456ed5b2d5cb69cf6d8302bca80a7fe6852ea0633d2dc4f1ecd	72
622	disp05245	/scratch/yuhansun/phono3py-runs/20260914-rb-fire-full-firstpass/Rb2Cu2SnS4/production/task-00622-disp05245/scf.in	a0c8832872d6d2301e039b58e843d233cc3fd6ea53736bd6de2902f2aa505db8	72
623	disp05246	/scratch/yuhansun/phono3py-runs/20260914-rb-fire-full-firstpass/Rb2Cu2SnS4/production/task-00623-disp05246/scf.in	4cc9c58fd7467fa956e48e62ad6de78981ee0c4d8fe665cd8556020efe523b76	72
624	disp05247	/scratch/yuhansun/phono3py-runs/20260914-rb-fire-full-firstpass/Rb2Cu2SnS4/production/task-00624-disp05247/scf.in	4d9fa6c6bb2b13c4beb009433ec84e2feede1c4ab9228b9abbef6fadacc5def6	72
625	disp05248	/scratch/yuhansun/phono3py-runs/20260914-rb-fire-full-firstpass/Rb2Cu2SnS4/production/task-00625-disp05248/scf.in	7fe518187d048116158b6520623196c81046c941d79103811ee0b236017d18a5	72
626	disp05291	/scratch/yuhansun/phono3py-runs/20260914-rb-fire-full-firstpass/Rb2Cu2SnS4/production/task-00626-disp05291/scf.in	141a580f72f960f85dec56bdae4cc3aed596ae0785bef6d373abeb3460eec3f1	72
627	disp05292	/scratch/yuhansun/phono3py-runs/20260914-rb-fire-full-firstpass/Rb2Cu2SnS4/production/task-00627-disp05292/scf.in	41df66f33d6d569e6f66715f726200e554bc7cd1f7f723fdc31b09c2cf72278a	72
628	disp05293	/scratch/yuhansun/phono3py-runs/20260914-rb-fire-full-firstpass/Rb2Cu2SnS4/production/task-00628-disp05293/scf.in	c296181aede6cacda6cd841e4d584bc01e5af0b1bbddb27161e835a2f97c63f2	72
629	disp05294	/scratch/yuhansun/phono3py-runs/20260914-rb-fire-full-firstpass/Rb2Cu2SnS4/production/task-00629-disp05294/scf.in	d7e9f06ab32bf4960c0498c11222bf4bc1060dbf3a3dabe820c4ac772a45f86e	72
630	disp05295	/scratch/yuhansun/phono3py-runs/20260914-rb-fire-full-firstpass/Rb2Cu2SnS4/production/task-00630-disp05295/scf.in	36ffad67c901b9dc511067b58fa70bf2c9baefeea0df876c78d15dd4e4400357	72
631	disp05296	/scratch/yuhansun/phono3py-runs/20260914-rb-fire-full-firstpass/Rb2Cu2SnS4/production/task-00631-disp05296/scf.in	f6734176911da34678e38e3a714efafb3e91fb18dcbd2ac17f8d76854688c235	72
632	disp05483	/scratch/yuhansun/phono3py-runs/20260914-rb-fire-full-firstpass/Rb2Cu2SnS4/production/task-00632-disp05483/scf.in	78ef0271c3c10a993aa533ed5b6dede3c99ec9b665c3116fd4355107b728b8fb	72
633	disp05484	/scratch/yuhansun/phono3py-runs/20260914-rb-fire-full-firstpass/Rb2Cu2SnS4/production/task-00633-disp05484/scf.in	3419d7af8b8c37eff80a59937e310c5ee5f1b0c209b5a267d7c35d663022c60e	72
634	disp05485	/scratch/yuhansun/phono3py-runs/20260914-rb-fire-full-firstpass/Rb2Cu2SnS4/production/task-00634-disp05485/scf.in	774e203379c78652da0fe149b49cd6479d40ff70dab5009ac2ba5406ff589eb6	72
635	disp05486	/scratch/yuhansun/phono3py-runs/20260914-rb-fire-full-firstpass/Rb2Cu2SnS4/production/task-00635-disp05486/scf.in	1a81cf482171c7120bdca508431c12a13c2c8df7a6549f9f0640537f53d1fa61	72
636	disp05487	/scratch/yuhansun/phono3py-runs/20260914-rb-fire-full-firstpass/Rb2Cu2SnS4/production/task-00636-disp05487/scf.in	6b1ca9534a8c5c8644401e88511a99ed090ed66c57591fc6bc6b03da90dc74c2	72
637	disp05488	/scratch/yuhansun/phono3py-runs/20260914-rb-fire-full-firstpass/Rb2Cu2SnS4/production/task-00637-disp05488/scf.in	dff317737f3e1042a14a9f487059ab6efa5587a51f76374ba4acd0b109ee029a	72
638	disp05513	/scratch/yuhansun/phono3py-runs/20260914-rb-fire-full-firstpass/Rb2Cu2SnS4/production/task-00638-disp05513/scf.in	597933417c8c4fbb11fad7a9cd721ec90778befa68ab550b26bbb81a3c6f28aa	72
639	disp05514	/scratch/yuhansun/phono3py-runs/20260914-rb-fire-full-firstpass/Rb2Cu2SnS4/production/task-00639-disp05514/scf.in	16d9f02cf7348b01a6282e8eff20b3da4640424d223779226de1f4c1a7dd8f97	72
640	disp05515	/scratch/yuhansun/phono3py-runs/20260914-rb-fire-full-firstpass/Rb2Cu2SnS4/production/task-00640-disp05515/scf.in	702e5709b29d788b680d49e8ceba542f2766dea191d2ae502477178bc6f20020	72
641	disp05516	/scratch/yuhansun/phono3py-runs/20260914-rb-fire-full-firstpass/Rb2Cu2SnS4/production/task-00641-disp05516/scf.in	25dc27f55e1899c903e8670506b8f1a641eeecb244ca74393d16ffa5e7c69e30	72
642	disp05517	/scratch/yuhansun/phono3py-runs/20260914-rb-fire-full-firstpass/Rb2Cu2SnS4/production/task-00642-disp05517/scf.in	8ff843f746de48cf813200a0f305d7d7abaf1b8869f39d6a2bd6bf226a089ffb	72
643	disp05518	/scratch/yuhansun/phono3py-runs/20260914-rb-fire-full-firstpass/Rb2Cu2SnS4/production/task-00643-disp05518/scf.in	04a69b7ab6ac152974380d10d75fdfdd283cb8dae8b61b5e751ba9211da116f7	72
644	disp05519	/scratch/yuhansun/phono3py-runs/20260914-rb-fire-full-firstpass/Rb2Cu2SnS4/production/task-00644-disp05519/scf.in	e9c6be3630ead1362fa7cb2875e1e44666ab2587d2ce13a49229fe7d8466b2a2	72
645	disp05520	/scratch/yuhansun/phono3py-runs/20260914-rb-fire-full-firstpass/Rb2Cu2SnS4/production/task-00645-disp05520/scf.in	34f05a7c3731da111ea5dd2ce5640bdc8494316e9f863b94e010abc23856ee89	72
646	disp05521	/scratch/yuhansun/phono3py-runs/20260914-rb-fire-full-firstpass/Rb2Cu2SnS4/production/task-00646-disp05521/scf.in	6c72bbf5318c4abcd44eb593f76bd35157c1c706e6aa30a3d6a13a1a959d7a17	72
647	disp05522	/scratch/yuhansun/phono3py-runs/20260914-rb-fire-full-firstpass/Rb2Cu2SnS4/production/task-00647-disp05522/scf.in	934b31c102d16b7233f93875e90f1d0442e6b44622762c88c5d266a5742ccb73	72
648	disp05523	/scratch/yuhansun/phono3py-runs/20260914-rb-fire-full-firstpass/Rb2Cu2SnS4/production/task-00648-disp05523/scf.in	d2e6cb8aa078d21fd807cf9e6a3ee97049fa775e1120260036bfa4d8696588cb	72
649	disp05524	/scratch/yuhansun/phono3py-runs/20260914-rb-fire-full-firstpass/Rb2Cu2SnS4/production/task-00649-disp05524/scf.in	a94c0ad78d36e55d849f3a0438c802ff240ea4a20b56cf2c528e251d6b1050db	72
650	disp05567	/scratch/yuhansun/phono3py-runs/20260914-rb-fire-full-firstpass/Rb2Cu2SnS4/production/task-00650-disp05567/scf.in	aa1485e3e518d6dcce81f8cf423daef9759b175eaf6245b7c1fc70410f40cc30	72
651	disp05568	/scratch/yuhansun/phono3py-runs/20260914-rb-fire-full-firstpass/Rb2Cu2SnS4/production/task-00651-disp05568/scf.in	809598fda76059693e077d35e08bdbe3ee79caf4a084920862cfc78a158a9549	72
652	disp05569	/scratch/yuhansun/phono3py-runs/20260914-rb-fire-full-firstpass/Rb2Cu2SnS4/production/task-00652-disp05569/scf.in	5e746307f187f16ad180cdd71065187183457f9c1d137ee0cac394d3b6f8b0b9	72
653	disp05570	/scratch/yuhansun/phono3py-runs/20260914-rb-fire-full-firstpass/Rb2Cu2SnS4/production/task-00653-disp05570/scf.in	e8425e967cf235c04464710948b6487f2eabd9bdbe509b80aa802fb8808fc4a1	72
654	disp05571	/scratch/yuhansun/phono3py-runs/20260914-rb-fire-full-firstpass/Rb2Cu2SnS4/production/task-00654-disp05571/scf.in	e9a186b68cedd2d6da859ffd46df990bd9438f16120e5d503a20d6458fdc2093	72
655	disp05572	/scratch/yuhansun/phono3py-runs/20260914-rb-fire-full-firstpass/Rb2Cu2SnS4/production/task-00655-disp05572/scf.in	c5dd35766ff6ff84d30cd228173ff4b92522d91532a98d7a626556b830fd96a7	72
656	disp05591	/scratch/yuhansun/phono3py-runs/20260914-rb-fire-full-firstpass/Rb2Cu2SnS4/production/task-00656-disp05591/scf.in	68c6178ff73ac911e55587cf0c7f746af6c5bfbefc588f528dc2cc110b77cfe7	72
657	disp05592	/scratch/yuhansun/phono3py-runs/20260914-rb-fire-full-firstpass/Rb2Cu2SnS4/production/task-00657-disp05592/scf.in	25cc7ed67c342327837b503d6ac1076dfab1b400d93fc5219f8ad3e8d775a38b	72
658	disp05593	/scratch/yuhansun/phono3py-runs/20260914-rb-fire-full-firstpass/Rb2Cu2SnS4/production/task-00658-disp05593/scf.in	382e17cd52af5b7e2d183dfee511b3e67282a989e83e1f31877cbd3b43b5ed27	72
659	disp05594	/scratch/yuhansun/phono3py-runs/20260914-rb-fire-full-firstpass/Rb2Cu2SnS4/production/task-00659-disp05594/scf.in	f1c9af68cd6ee1113c61cacb67f54353db88eb9d70461f0b1e5b42d14bfddec1	72
660	disp05595	/scratch/yuhansun/phono3py-runs/20260914-rb-fire-full-firstpass/Rb2Cu2SnS4/production/task-00660-disp05595/scf.in	df6fbd9210782d9304e759ab3e5d9a567906e704eed13c9e202011701a89eb10	72
661	disp05596	/scratch/yuhansun/phono3py-runs/20260914-rb-fire-full-firstpass/Rb2Cu2SnS4/production/task-00661-disp05596/scf.in	a2a58e6d719cd54acec9d36d454a67ff1e17ce99a4785404e3be282393e05609	72
662	disp05609	/scratch/yuhansun/phono3py-runs/20260914-rb-fire-full-firstpass/Rb2Cu2SnS4/production/task-00662-disp05609/scf.in	9e6a0ba760aa11ab3b36194eb360c68967fa18170f5e2f55e2dbfb2d9e3fc90a	72
663	disp05610	/scratch/yuhansun/phono3py-runs/20260914-rb-fire-full-firstpass/Rb2Cu2SnS4/production/task-00663-disp05610/scf.in	30e262a96fa2a9d83131f1e4040324bc83f381f062bee96e8b8098a990bde921	72
664	disp05611	/scratch/yuhansun/phono3py-runs/20260914-rb-fire-full-firstpass/Rb2Cu2SnS4/production/task-00664-disp05611/scf.in	32e38b6fa31436274f9bea0513b47999de8e501fedc23d569eeb6ffe333bb0ea	72
665	disp05612	/scratch/yuhansun/phono3py-runs/20260914-rb-fire-full-firstpass/Rb2Cu2SnS4/production/task-00665-disp05612/scf.in	9532f62dcc73ace9199152164ba1da0d764c70dd5d0536a2c21780958b69e7e6	72
666	disp05613	/scratch/yuhansun/phono3py-runs/20260914-rb-fire-full-firstpass/Rb2Cu2SnS4/production/task-00666-disp05613/scf.in	fec99ca14fd595e3d17b2100f2640325e31dbe38e9d30410e63102fb4e0fd88a	72
667	disp05614	/scratch/yuhansun/phono3py-runs/20260914-rb-fire-full-firstpass/Rb2Cu2SnS4/production/task-00667-disp05614/scf.in	2abc83ae0d7044f77f715423afb894ecf36431f697bbb049ebbc8e2f9ded8288	72
668	disp05675	/scratch/yuhansun/phono3py-runs/20260914-rb-fire-full-firstpass/Rb2Cu2SnS4/production/task-00668-disp05675/scf.in	3a0eaf920beefa2d2821f4df8988334010feba090605fb9dc551e12778d66604	72
669	disp05676	/scratch/yuhansun/phono3py-runs/20260914-rb-fire-full-firstpass/Rb2Cu2SnS4/production/task-00669-disp05676/scf.in	684891384aaabb5105b52a114643e837f8fcd3e166ccd22eb97942078d37b77b	72
670	disp05677	/scratch/yuhansun/phono3py-runs/20260914-rb-fire-full-firstpass/Rb2Cu2SnS4/production/task-00670-disp05677/scf.in	67722e7214a9e37995568bbcff77be49b11bd717166a40ab8f990ade88791dff	72
671	disp05678	/scratch/yuhansun/phono3py-runs/20260914-rb-fire-full-firstpass/Rb2Cu2SnS4/production/task-00671-disp05678/scf.in	152b14367d7564ba0a4467c17c4854f0718eab1ecb96331c6a81c967b10712b7	72
672	disp05679	/scratch/yuhansun/phono3py-runs/20260914-rb-fire-full-firstpass/Rb2Cu2SnS4/production/task-00672-disp05679/scf.in	1c724b78b33f9da55d76eadb959d51a699eb4be64e6bbe285ea38d581261cb15	72
673	disp05680	/scratch/yuhansun/phono3py-runs/20260914-rb-fire-full-firstpass/Rb2Cu2SnS4/production/task-00673-disp05680/scf.in	737b45ef77bd46d61dd1fdd24f255e293a258ded558b0283eacfd42cf2de4598	72
674	disp05723	/scratch/yuhansun/phono3py-runs/20260914-rb-fire-full-firstpass/Rb2Cu2SnS4/production/task-00674-disp05723/scf.in	5842ef0c621dabcb2c30619ae989c0769964c947c64c8219d39155e959d99b3b	72
675	disp05724	/scratch/yuhansun/phono3py-runs/20260914-rb-fire-full-firstpass/Rb2Cu2SnS4/production/task-00675-disp05724/scf.in	0c2938bcaa7365371b837cc5f1fae88991e34140060e16bf399521c1fe13dbcc	72
676	disp05725	/scratch/yuhansun/phono3py-runs/20260914-rb-fire-full-firstpass/Rb2Cu2SnS4/production/task-00676-disp05725/scf.in	4003588f19cdfec4b8e60d276e8d0e9c50bb91724aa16155403105bbd6147106	72
677	disp05726	/scratch/yuhansun/phono3py-runs/20260914-rb-fire-full-firstpass/Rb2Cu2SnS4/production/task-00677-disp05726/scf.in	5996f4df9c5f46e1d324f6d974b2ce892b3d48010621355500adfebaf5ea090b	72
678	disp05727	/scratch/yuhansun/phono3py-runs/20260914-rb-fire-full-firstpass/Rb2Cu2SnS4/production/task-00678-disp05727/scf.in	16702ba119ea9555c87681ca30670e6c432b0e8839e4e6c5f6d38f86f80b87c8	72
679	disp05728	/scratch/yuhansun/phono3py-runs/20260914-rb-fire-full-firstpass/Rb2Cu2SnS4/production/task-00679-disp05728/scf.in	162a852dcf306f8cc85ada0dff8ce1c341c579193efc79ff4a94d9bc4afb429f	72
